consent,b1_gender,b2_age,b3_university_type,b4_discipline,b5_cgpa,b6_graduation_status,b7_income,b8_financial_pressure,c1_search_duration,c2_apps_per_week,c3_hrs_per_week,c4_late_night,c5_platforms,c6_rejections,c7_ghosting_rate,c8_interview_invites,c9_cv_customization,c10_peer_comparison,c11_family_pressure,c12_stigma_fear,c13_hopelessness,c14_screen_time,d1_mspss,d2_mspss,d3_mspss,d4_mspss,d5_mspss,d6_mspss,d7_mspss,d8_mspss,d9_mspss,d10_mspss,d11_mspss,d12_mspss,e1_phq9,e2_phq9,e3_phq9,e4_phq9,e5_phq9,e6_phq9,e7_phq9,e8_phq9,e9_phq9,f1_gad7,f2_gad7,f3_gad7,f4_gad7,f5_gad7,f6_gad7,f7_gad7,g1_attention,phq9_total,gad7_total,mspss_total,dep_risk,anx_risk
"হ্যাঁ, আমি সম্মতি দিচ্ছি (Yes, I consent)",Male (পুরুষ),23 – 25 years,Private University (বেসরকারি বিশ্ববিদ্যালয়),Engineering / CSE / IT,3.00 – 3.49,Final year / Graduating within 1–2 semesters (শেষ বর্ষে আছি),"৳30,000 – ৳60,000",1.0,Not started yet (এখনো শুরু করিনি),0 – 2,0 – 5 hours,Never (কখনোই না),1 – 2 platforms,0 – 5,Less than 25%,None (০টি),5.0,3.0,2.0,4.0,4.0,More than 8 hours,5.0,5.0,6.0,6.0,7.0,5.0,5.0,3.0,6.0,7.0,6.0,5.0,1,0,0,1,1,1,2,2,0,1,2,3,2,2,1,1,4 = Somewhat Agree ✅,8,12,5.5,0,1
"হ্যাঁ, আমি সম্মতি দিচ্ছি (Yes, I consent)",Female (নারী),20 – 22 years,Private University (বেসরকারি বিশ্ববিদ্যালয়),Engineering / CSE / IT,3.00 – 3.49,Final year / Graduating within 1–2 semesters (শেষ বর্ষে আছি),"৳60,000 – ৳1,00,000",5.0,Less than 3 months,0 – 2,0 – 5 hours,Never (কখনোই না),1 – 2 platforms,6 – 15,Less than 25%,3 – 5,3.0,1.0,1.0,1.0,3.0,Less than 4 hours,1.0,1.0,1.0,1.0,1.0,1.0,3.0,1.0,3.0,1.0,1.0,4.0,1,2,2,1,0,0,3,0,3,1,0,1,1,1,0,0,4 = Somewhat Agree ✅,12,4,1.5833333333333333,1,0
"হ্যাঁ, আমি সম্মতি দিচ্ছি (Yes, I consent)",Male (পুরুষ),23 – 25 years,Private University (বেসরকারি বিশ্ববিদ্যালয়),Engineering / CSE / IT,3.50 – 3.79,Graduated within the last 6 months (গত ৬ মাসের মধ্যে শেষ হয়েছে),"৳60,000 – ৳1,00,000",1.0,3 – 6 months,3 – 5,0 – 5 hours,Sometimes (মাঝে মাঝে),3 – 4 platforms,0 – 5,More than 75%,1 – 2,3.0,3.0,3.0,2.0,5.0,4 – 6 hours,7.0,4.0,7.0,7.0,7.0,4.0,2.0,7.0,4.0,7.0,7.0,4.0,3,2,3,3,3,2,3,2,0,2,3,2,2,1,3,0,4 = Somewhat Agree ✅,21,13,5.583333333333333,1,1
"হ্যাঁ, আমি সম্মতি দিচ্ছি (Yes, I consent)",Male (পুরুষ),23 – 25 years,Private University (বেসরকারি বিশ্ববিদ্যালয়),Engineering / CSE / IT,3.50 – 3.79,Final year / Graduating within 1–2 semesters (শেষ বর্ষে আছি),"৳30,000 – ৳60,000",4.0,Less than 3 months,0 – 2,0 – 5 hours,Rarely (কদাচিৎ),1 – 2 platforms,0 – 5,More than 75%,None (০টি),4.0,4.0,4.0,4.0,5.0,More than 8 hours,2.0,3.0,5.0,5.0,2.0,6.0,6.0,5.0,5.0,1.0,5.0,5.0,3,3,3,2,2,2,3,1,1,2,2,2,3,1,3,2,4 = Somewhat Agree ✅,20,15,4.166666666666667,1,1
"হ্যাঁ, আমি সম্মতি দিচ্ছি (Yes, I consent)",Female (নারী),23 – 25 years,Private University (বেসরকারি বিশ্ববিদ্যালয়),Engineering / CSE / IT,3.00 – 3.49,Final year / Graduating within 1–2 semesters (শেষ বর্ষে আছি),"Above ৳1,00,000",1.0,Not started yet (এখনো শুরু করিনি),0 – 2,0 – 5 hours,Rarely (কদাচিৎ),1 – 2 platforms,0 – 5,Less than 25%,None (০টি),5.0,1.0,1.0,5.0,4.0,More than 8 hours,7.0,7.0,7.0,7.0,7.0,7.0,7.0,7.0,7.0,7.0,7.0,6.0,1,1,2,3,2,3,3,3,0,2,3,3,0,2,2,2,4 = Somewhat Agree ✅,18,14,6.916666666666667,1,1
"হ্যাঁ, আমি সম্মতি দিচ্ছি (Yes, I consent)",Female (নারী),20 – 22 years,Public University (পাবলিক বিশ্ববিদ্যালয়),Other,3.00 – 3.49,Final year / Graduating within 1–2 semesters (শেষ বর্ষে আছি),"৳60,000 – ৳1,00,000",5.0,Less than 3 months,3 – 5,6 – 10 hours,Often (প্রায়ই),5 or more platforms,0 – 5,51% – 75%,1 – 2,3.0,5.0,4.0,4.0,5.0,More than 8 hours,7.0,7.0,7.0,7.0,7.0,7.0,7.0,7.0,7.0,7.0,7.0,7.0,2,2,2,2,0,2,2,2,1,2,1,2,0,1,0,1,4 = Somewhat Agree ✅,15,7,7.0,1,0
"হ্যাঁ, আমি সম্মতি দিচ্ছি (Yes, I consent)",Female (নারী),23 – 25 years,Private University (বেসরকারি বিশ্ববিদ্যালয়),Natural & Applied Sciences,3.00 – 3.49,Final year / Graduating within 1–2 semesters (শেষ বর্ষে আছি),"৳60,000 – ৳1,00,000",2.0,Not started yet (এখনো শুরু করিনি),0 – 2,0 – 5 hours,Never (কখনোই না),3 – 4 platforms,0 – 5,Less than 25%,1 – 2,2.0,4.0,2.0,5.0,4.0,Less than 4 hours,7.0,7.0,7.0,7.0,7.0,6.0,6.0,7.0,7.0,7.0,7.0,7.0,1,1,1,1,2,2,3,3,1,1,1,1,1,0,3,3,4 = Somewhat Agree ✅,15,10,6.833333333333333,1,1
"হ্যাঁ, আমি সম্মতি দিচ্ছি (Yes, I consent)",Female (নারী),23 – 25 years,Public University (পাবলিক বিশ্ববিদ্যালয়),"Arts, Humanities & Social Sciences",3.00 – 3.49,Final year / Graduating within 1–2 semesters (শেষ বর্ষে আছি),"৳30,000 – ৳60,000",5.0,Not started yet (এখনো শুরু করিনি),0 – 2,6 – 10 hours,Often (প্রায়ই),1 – 2 platforms,0 – 5,Less than 25%,None (০টি),2.0,5.0,5.0,5.0,4.0,More than 8 hours,1.0,1.0,3.0,3.0,1.0,5.0,4.0,2.0,5.0,1.0,7.0,1.0,3,3,3,3,3,3,3,3,3,2,2,2,3,2,3,3,4 = Somewhat Agree ✅,27,17,2.8333333333333335,1,1
"হ্যাঁ, আমি সম্মতি দিচ্ছি (Yes, I consent)",Female (নারী),23 – 25 years,Private University (বেসরকারি বিশ্ববিদ্যালয়),Engineering / CSE / IT,3.50 – 3.79,Final year / Graduating within 1–2 semesters (শেষ বর্ষে আছি),"Above ৳1,00,000",5.0,Not started yet (এখনো শুরু করিনি),0 – 2,0 – 5 hours,Never (কখনোই না),1 – 2 platforms,0 – 5,Less than 25%,None (০টি),2.0,5.0,5.0,5.0,3.0,Less than 4 hours,1.0,1.0,2.0,2.0,1.0,3.0,1.0,1.0,1.0,1.0,1.0,3.0,3,3,3,3,1,2,3,3,3,3,3,3,3,3,3,3,4 = Somewhat Agree ✅,24,21,1.5,1,1
"হ্যাঁ, আমি সম্মতি দিচ্ছি (Yes, I consent)",Male (পুরুষ),23 – 25 years,Private University (বেসরকারি বিশ্ববিদ্যালয়),Engineering / CSE / IT,3.00 – 3.49,Final year / Graduating within 1–2 semesters (শেষ বর্ষে আছি),"৳30,000 – ৳60,000",5.0,Not started yet (এখনো শুরু করিনি),0 – 2,0 – 5 hours,Never (কখনোই না),1 – 2 platforms,0 – 5,Less than 25%,None (০টি),3.0,1.0,4.0,3.0,3.0,More than 8 hours,1.0,1.0,6.0,6.0,1.0,6.0,5.0,4.0,3.0,2.0,6.0,4.0,1,0,2,1,0,0,1,0,0,0,0,0,0,0,0,0,4 = Somewhat Agree ✅,5,0,3.75,0,0
"হ্যাঁ, আমি সম্মতি দিচ্ছি (Yes, I consent)",Male (পুরুষ),23 – 25 years,Private University (বেসরকারি বিশ্ববিদ্যালয়),Engineering / CSE / IT,Below 3.00,Final year / Graduating within 1–2 semesters (শেষ বর্ষে আছি),"৳60,000 – ৳1,00,000",3.0,Not started yet (এখনো শুরু করিনি),0 – 2,0 – 5 hours,Rarely (কদাচিৎ),3 – 4 platforms,0 – 5,Less than 25%,None (০টি),3.0,3.0,3.0,3.0,3.0,4 – 6 hours,4.0,4.0,4.0,4.0,4.0,4.0,4.0,4.0,4.0,4.0,1.0,5.0,1,2,1,2,1,2,1,2,1,3,2,2,2,2,2,2,4 = Somewhat Agree ✅,13,15,3.8333333333333335,1,1
"হ্যাঁ, আমি সম্মতি দিচ্ছি (Yes, I consent)",Female (নারী),23 – 25 years,Private University (বেসরকারি বিশ্ববিদ্যালয়),Engineering / CSE / IT,3.00 – 3.49,Final year / Graduating within 1–2 semesters (শেষ বর্ষে আছি),"Above ৳1,00,000",3.0,Not started yet (এখনো শুরু করিনি),0 – 2,0 – 5 hours,Sometimes (মাঝে মাঝে),1 – 2 platforms,0 – 5,25% – 50%,None (০টি),3.0,4.0,1.0,1.0,5.0,More than 8 hours,7.0,7.0,7.0,4.0,7.0,7.0,7.0,1.0,7.0,7.0,4.0,6.0,3,3,2,1,1,2,3,2,1,1,2,2,1,1,1,1,4 = Somewhat Agree ✅,18,9,5.916666666666667,1,0
"হ্যাঁ, আমি সম্মতি দিচ্ছি (Yes, I consent)",Male (পুরুষ),23 – 25 years,Private University (বেসরকারি বিশ্ববিদ্যালয়),Engineering / CSE / IT,Below 3.00,Final year / Graduating within 1–2 semesters (শেষ বর্ষে আছি),"Above ৳1,00,000",1.0,Not started yet (এখনো শুরু করিনি),0 – 2,0 – 5 hours,Never (কখনোই না),1 – 2 platforms,0 – 5,Less than 25%,None (০টি),1.0,1.0,1.0,1.0,1.0,More than 8 hours,5.0,5.0,7.0,7.0,7.0,3.0,2.0,5.0,3.0,7.0,7.0,2.0,3,3,3,3,3,0,3,0,3,3,3,3,3,3,3,3,4 = Somewhat Agree ✅,21,21,5.0,1,1
"হ্যাঁ, আমি সম্মতি দিচ্ছি (Yes, I consent)",Male (পুরুষ),23 – 25 years,Private University (বেসরকারি বিশ্ববিদ্যালয়),Engineering / CSE / IT,3.00 – 3.49,Final year / Graduating within 1–2 semesters (শেষ বর্ষে আছি),"Below ৳30,000",5.0,Not started yet (এখনো শুরু করিনি),0 – 2,0 – 5 hours,Never (কখনোই না),1 – 2 platforms,0 – 5,Less than 25%,None (০টি),2.0,2.0,5.0,5.0,5.0,More than 8 hours,1.0,1.0,2.0,2.0,2.0,4.0,2.0,1.0,3.0,2.0,1.0,3.0,1,1,3,3,1,3,1,3,0,2,2,3,1,2,1,1,4 = Somewhat Agree ✅,16,12,2.0,1,1
"হ্যাঁ, আমি সম্মতি দিচ্ছি (Yes, I consent)",Male (পুরুষ),23 – 25 years,Private University (বেসরকারি বিশ্ববিদ্যালয়),Business Administration (BBA/MBA),3.00 – 3.49,Graduated within the last 6 months (গত ৬ মাসের মধ্যে শেষ হয়েছে),"৳30,000 – ৳60,000",3.0,3 – 6 months,11 – 20,6 – 10 hours,Almost Daily (প্রতিদিনই প্রায়),3 – 4 platforms,0 – 5,Less than 25%,More than 5,5.0,3.0,4.0,5.0,5.0,6 – 8 hours,1.0,1.0,3.0,3.0,1.0,6.0,6.0,1.0,6.0,2.0,3.0,5.0,2,1,1,0,1,1,1,1,1,1,0,0,1,1,1,1,4 = Somewhat Agree ✅,9,5,3.1666666666666665,0,0
"হ্যাঁ, আমি সম্মতি দিচ্ছি (Yes, I consent)",Male (পুরুষ),23 – 25 years,Private University (বেসরকারি বিশ্ববিদ্যালয়),Engineering / CSE / IT,3.00 – 3.49,Graduated within the last 6 months (গত ৬ মাসের মধ্যে শেষ হয়েছে),"৳30,000 – ৳60,000",4.0,Less than 3 months,3 – 5,11 – 20 hours,Never (কখনোই না),3 – 4 platforms,0 – 5,25% – 50%,3 – 5,5.0,5.0,5.0,5.0,5.0,Less than 4 hours,7.0,7.0,7.0,7.0,7.0,7.0,7.0,7.0,7.0,7.0,7.0,7.0,1,1,1,0,0,0,1,0,0,0,0,0,0,0,1,0,4 = Somewhat Agree ✅,4,1,7.0,0,0
"হ্যাঁ, আমি সম্মতি দিচ্ছি (Yes, I consent)",Male (পুরুষ),23 – 25 years,Private University (বেসরকারি বিশ্ববিদ্যালয়),Engineering / CSE / IT,3.50 – 3.79,Final year / Graduating within 1–2 semesters (শেষ বর্ষে আছি),"Below ৳30,000",3.0,3 – 6 months,3 – 5,0 – 5 hours,Rarely (কদাচিৎ),3 – 4 platforms,6 – 15,Less than 25%,3 – 5,5.0,1.0,2.0,3.0,1.0,6 – 8 hours,3.0,3.0,7.0,7.0,1.0,5.0,5.0,6.0,6.0,5.0,5.0,5.0,1,0,1,0,0,0,1,0,0,0,0,0,0,0,0,0,4 = Somewhat Agree ✅,3,0,4.833333333333333,0,0
"হ্যাঁ, আমি সম্মতি দিচ্ছি (Yes, I consent)",Female (নারী),20 – 22 years,Private University (বেসরকারি বিশ্ববিদ্যালয়),Engineering / CSE / IT,3.50 – 3.79,Final year / Graduating within 1–2 semesters (শেষ বর্ষে আছি),"৳30,000 – ৳60,000",3.0,Not started yet (এখনো শুরু করিনি),0 – 2,0 – 5 hours,Sometimes (মাঝে মাঝে),3 – 4 platforms,0 – 5,Less than 25%,None (০টি),5.0,5.0,5.0,3.0,4.0,4 – 6 hours,7.0,7.0,7.0,7.0,7.0,7.0,7.0,7.0,7.0,7.0,7.0,7.0,1,3,1,1,3,3,3,0,3,3,1,2,2,0,1,1,4 = Somewhat Agree ✅,18,10,7.0,1,1
"হ্যাঁ, আমি সম্মতি দিচ্ছি (Yes, I consent)",Female (নারী),23 – 25 years,Public University (পাবলিক বিশ্ববিদ্যালয়),Business Administration (BBA/MBA),3.00 – 3.49,Final year / Graduating within 1–2 semesters (শেষ বর্ষে আছি),"Above ৳1,00,000",1.0,Not started yet (এখনো শুরু করিনি),0 – 2,0 – 5 hours,Sometimes (মাঝে মাঝে),1 – 2 platforms,0 – 5,Less than 25%,None (০টি),5.0,1.0,1.0,4.0,3.0,6 – 8 hours,7.0,7.0,7.0,7.0,7.0,7.0,7.0,7.0,7.0,6.0,6.0,7.0,1,1,1,1,1,2,2,1,1,1,1,1,1,1,1,1,4 = Somewhat Agree ✅,11,7,6.833333333333333,1,0
"হ্যাঁ, আমি সম্মতি দিচ্ছি (Yes, I consent)",Male (পুরুষ),20 – 22 years,Private University (বেসরকারি বিশ্ববিদ্যালয়),Engineering / CSE / IT,3.80 – 4.00,Final year / Graduating within 1–2 semesters (শেষ বর্ষে আছি),"৳30,000 – ৳60,000",3.0,3 – 6 months,0 – 2,0 – 5 hours,Rarely (কদাচিৎ),3 – 4 platforms,0 – 5,51% – 75%,1 – 2,5.0,5.0,1.0,5.0,4.0,More than 8 hours,7.0,7.0,7.0,4.0,7.0,7.0,5.0,4.0,7.0,7.0,4.0,7.0,2,2,3,3,0,0,3,0,0,1,1,1,1,1,1,1,4 = Somewhat Agree ✅,13,7,6.083333333333333,1,0
"হ্যাঁ, আমি সম্মতি দিচ্ছি (Yes, I consent)",Male (পুরুষ),23 – 25 years,Public University (পাবলিক বিশ্ববিদ্যালয়),Engineering / CSE / IT,3.00 – 3.49,Final year / Graduating within 1–2 semesters (শেষ বর্ষে আছি),"Below ৳30,000",4.0,Not started yet (এখনো শুরু করিনি),0 – 2,0 – 5 hours,Never (কখনোই না),1 – 2 platforms,0 – 5,Less than 25%,None (০টি),2.0,4.0,2.0,5.0,3.0,More than 8 hours,2.0,3.0,7.0,7.0,1.0,4.0,4.0,4.0,2.0,2.0,6.0,7.0,1,1,2,2,1,0,3,3,0,0,2,0,1,1,0,0,4 = Somewhat Agree ✅,13,4,4.083333333333333,1,0
"হ্যাঁ, আমি সম্মতি দিচ্ছি (Yes, I consent)",Female (নারী),23 – 25 years,Private University (বেসরকারি বিশ্ববিদ্যালয়),Engineering / CSE / IT,3.00 – 3.49,Final year / Graduating within 1–2 semesters (শেষ বর্ষে আছি),"Above ৳1,00,000",2.0,Less than 3 months,3 – 5,0 – 5 hours,Sometimes (মাঝে মাঝে),3 – 4 platforms,0 – 5,Less than 25%,1 – 2,3.0,3.0,2.0,3.0,4.0,Less than 4 hours,1.0,1.0,2.0,2.0,1.0,1.0,1.0,4.0,1.0,1.0,6.0,1.0,0,0,0,0,0,2,3,3,2,2,3,3,3,3,2,3,4 = Somewhat Agree ✅,10,19,1.8333333333333333,1,1
"হ্যাঁ, আমি সম্মতি দিচ্ছি (Yes, I consent)",Female (নারী),23 – 25 years,Private University (বেসরকারি বিশ্ববিদ্যালয়),Other,Below 3.00,Graduated within the last 6 months (গত ৬ মাসের মধ্যে শেষ হয়েছে),"৳60,000 – ৳1,00,000",3.0,Not started yet (এখনো শুরু করিনি),0 – 2,0 – 5 hours,Rarely (কদাচিৎ),1 – 2 platforms,0 – 5,Less than 25%,None (০টি),2.0,1.0,2.0,4.0,3.0,4 – 6 hours,1.0,1.0,3.0,5.0,1.0,1.0,1.0,5.0,1.0,1.0,5.0,1.0,1,1,1,1,1,2,2,2,0,1,1,1,1,1,0,1,4 = Somewhat Agree ✅,11,6,2.1666666666666665,1,0
"হ্যাঁ, আমি সম্মতি দিচ্ছি (Yes, I consent)",Male (পুরুষ),23 – 25 years,Private University (বেসরকারি বিশ্ববিদ্যালয়),Engineering / CSE / IT,3.00 – 3.49,Final year / Graduating within 1–2 semesters (শেষ বর্ষে আছি),"৳30,000 – ৳60,000",2.0,Not started yet (এখনো শুরু করিনি),0 – 2,0 – 5 hours,Never (কখনোই না),1 – 2 platforms,0 – 5,Less than 25%,More than 5,5.0,1.0,1.0,1.0,1.0,4 – 6 hours,1.0,1.0,7.0,7.0,7.0,7.0,7.0,7.0,7.0,7.0,7.0,6.0,0,0,0,0,1,0,3,0,0,0,1,1,0,3,1,1,4 = Somewhat Agree ✅,4,7,5.916666666666667,0,0
"হ্যাঁ, আমি সম্মতি দিচ্ছি (Yes, I consent)",Male (পুরুষ),23 – 25 years,Private University (বেসরকারি বিশ্ববিদ্যালয়),Engineering / CSE / IT,3.00 – 3.49,Final year / Graduating within 1–2 semesters (শেষ বর্ষে আছি),"৳30,000 – ৳60,000",4.0,3 – 6 months,0 – 2,0 – 5 hours,Sometimes (মাঝে মাঝে),3 – 4 platforms,6 – 15,25% – 50%,3 – 5,4.0,3.0,4.0,3.0,4.0,6 – 8 hours,5.0,5.0,5.0,4.0,5.0,5.0,6.0,5.0,5.0,5.0,5.0,5.0,2,2,1,2,0,0,1,1,2,2,1,1,2,2,2,2,4 = Somewhat Agree ✅,11,12,5.0,1,1
"হ্যাঁ, আমি সম্মতি দিচ্ছি (Yes, I consent)",Male (পুরুষ),23 – 25 years,Private University (বেসরকারি বিশ্ববিদ্যালয়),Engineering / CSE / IT,3.80 – 4.00,Final year / Graduating within 1–2 semesters (শেষ বর্ষে আছি),"Above ৳1,00,000",1.0,Not started yet (এখনো শুরু করিনি),0 – 2,6 – 10 hours,Rarely (কদাচিৎ),1 – 2 platforms,6 – 15,51% – 75%,More than 5,3.0,2.0,2.0,4.0,2.0,6 – 8 hours,1.0,2.0,3.0,1.0,7.0,5.0,6.0,4.0,2.0,7.0,5.0,4.0,3,3,2,3,3,2,1,2,2,3,2,3,2,2,2,0,4 = Somewhat Agree ✅,21,14,3.9166666666666665,1,1
"হ্যাঁ, আমি সম্মতি দিচ্ছি (Yes, I consent)",Male (পুরুষ),23 – 25 years,Private University (বেসরকারি বিশ্ববিদ্যালয়),Engineering / CSE / IT,Below 3.00,Final year / Graduating within 1–2 semesters (শেষ বর্ষে আছি),"৳30,000 – ৳60,000",3.0,3 – 6 months,0 – 2,0 – 5 hours,Sometimes (মাঝে মাঝে),3 – 4 platforms,0 – 5,51% – 75%,None (০টি),3.0,3.0,3.0,3.0,5.0,4 – 6 hours,4.0,3.0,7.0,7.0,7.0,6.0,1.0,6.0,6.0,6.0,6.0,6.0,1,1,1,1,1,2,2,2,2,2,2,2,1,1,1,1,4 = Somewhat Agree ✅,13,10,5.416666666666667,1,1
"হ্যাঁ, আমি সম্মতি দিচ্ছি (Yes, I consent)",Female (নারী),23 – 25 years,Private University (বেসরকারি বিশ্ববিদ্যালয়),Engineering / CSE / IT,3.50 – 3.79,Final year / Graduating within 1–2 semesters (শেষ বর্ষে আছি),"৳30,000 – ৳60,000",5.0,More than 1 year,0 – 2,0 – 5 hours,Often (প্রায়ই),1 – 2 platforms,0 – 5,Less than 25%,More than 5,3.0,3.0,3.0,3.0,3.0,Less than 4 hours,7.0,7.0,7.0,7.0,7.0,6.0,6.0,6.0,6.0,6.0,6.0,6.0,2,2,2,2,2,2,2,2,2,2,2,2,2,2,2,1,4 = Somewhat Agree ✅,18,13,6.416666666666667,1,1
"হ্যাঁ, আমি সম্মতি দিচ্ছি (Yes, I consent)",Female (নারী),23 – 25 years,Public University (পাবলিক বিশ্ববিদ্যালয়),Engineering / CSE / IT,3.00 – 3.49,Final year / Graduating within 1–2 semesters (শেষ বর্ষে আছি),"৳30,000 – ৳60,000",4.0,Not started yet (এখনো শুরু করিনি),0 – 2,0 – 5 hours,Sometimes (মাঝে মাঝে),1 – 2 platforms,0 – 5,Less than 25%,None (০টি),1.0,3.0,4.0,3.0,3.0,4 – 6 hours,2.0,1.0,7.0,7.0,1.0,4.0,4.0,4.0,4.0,6.0,5.0,4.0,1,1,0,0,0,0,0,0,0,0,1,1,1,1,1,0,4 = Somewhat Agree ✅,2,5,4.083333333333333,0,0
"হ্যাঁ, আমি সম্মতি দিচ্ছি (Yes, I consent)",Female (নারী),20 – 22 years,Private University (বেসরকারি বিশ্ববিদ্যালয়),Engineering / CSE / IT,3.00 – 3.49,Final year / Graduating within 1–2 semesters (শেষ বর্ষে আছি),"৳60,000 – ৳1,00,000",1.0,Not started yet (এখনো শুরু করিনি),0 – 2,0 – 5 hours,Never (কখনোই না),1 – 2 platforms,0 – 5,Less than 25%,None (০টি),1.0,1.0,1.0,1.0,1.0,6 – 8 hours,7.0,7.0,7.0,7.0,7.0,7.0,7.0,7.0,7.0,7.0,7.0,7.0,1,3,3,2,1,3,3,1,2,3,3,3,3,1,3,3,4 = Somewhat Agree ✅,19,19,7.0,1,1
"হ্যাঁ, আমি সম্মতি দিচ্ছি (Yes, I consent)",Female (নারী),23 – 25 years,Private University (বেসরকারি বিশ্ববিদ্যালয়),Natural & Applied Sciences,3.50 – 3.79,Final year / Graduating within 1–2 semesters (শেষ বর্ষে আছি),"৳30,000 – ৳60,000",3.0,Not started yet (এখনো শুরু করিনি),0 – 2,0 – 5 hours,Never (কখনোই না),1 – 2 platforms,0 – 5,Less than 25%,None (০টি),3.0,5.0,4.0,3.0,3.0,4 – 6 hours,7.0,7.0,7.0,7.0,7.0,5.0,6.0,6.0,7.0,7.0,7.0,4.0,2,1,1,2,2,1,1,0,0,1,1,1,1,0,2,1,4 = Somewhat Agree ✅,10,7,6.416666666666667,1,0
"হ্যাঁ, আমি সম্মতি দিচ্ছি (Yes, I consent)",Female (নারী),23 – 25 years,Private University (বেসরকারি বিশ্ববিদ্যালয়),Engineering / CSE / IT,3.00 – 3.49,Final year / Graduating within 1–2 semesters (শেষ বর্ষে আছি),"৳60,000 – ৳1,00,000",4.0,6 – 12 months,0 – 2,0 – 5 hours,Rarely (কদাচিৎ),3 – 4 platforms,0 – 5,Less than 25%,None (০টি),4.0,3.0,3.0,3.0,3.0,4 – 6 hours,7.0,7.0,6.0,6.0,7.0,7.0,7.0,6.0,7.0,7.0,7.0,7.0,1,0,1,1,1,1,1,1,0,1,1,1,1,1,1,0,4 = Somewhat Agree ✅,7,6,6.75,0,0
"হ্যাঁ, আমি সম্মতি দিচ্ছি (Yes, I consent)",Female (নারী),23 – 25 years,Private University (বেসরকারি বিশ্ববিদ্যালয়),"Arts, Humanities & Social Sciences",3.80 – 4.00,Final year / Graduating within 1–2 semesters (শেষ বর্ষে আছি),"Above ৳1,00,000",2.0,Less than 3 months,0 – 2,0 – 5 hours,Never (কখনোই না),3 – 4 platforms,0 – 5,Less than 25%,More than 5,5.0,1.0,5.0,5.0,5.0,More than 8 hours,7.0,7.0,1.0,1.0,7.0,1.0,7.0,1.0,7.0,7.0,1.0,7.0,0,3,3,2,0,0,2,3,3,3,3,3,3,3,3,3,4 = Somewhat Agree ✅,16,21,4.5,1,1
"হ্যাঁ, আমি সম্মতি দিচ্ছি (Yes, I consent)",Female (নারী),23 – 25 years,Public University (পাবলিক বিশ্ববিদ্যালয়),"Arts, Humanities & Social Sciences",3.50 – 3.79,Final year / Graduating within 1–2 semesters (শেষ বর্ষে আছি),"Below ৳30,000",5.0,Not started yet (এখনো শুরু করিনি),3 – 5,6 – 10 hours,Almost Daily (প্রতিদিনই প্রায়),3 – 4 platforms,0 – 5,25% – 50%,None (০টি),4.0,5.0,5.0,5.0,5.0,4 – 6 hours,4.0,3.0,2.0,2.0,3.0,2.0,2.0,2.0,1.0,3.0,2.0,2.0,2,3,2,1,0,1,2,3,1,3,3,3,3,3,3,3,4 = Somewhat Agree ✅,15,21,2.3333333333333335,1,1
"হ্যাঁ, আমি সম্মতি দিচ্ছি (Yes, I consent)",Male (পুরুষ),26 years or above,Private University (বেসরকারি বিশ্ববিদ্যালয়),Engineering / CSE / IT,Below 3.00,Final year / Graduating within 1–2 semesters (শেষ বর্ষে আছি),"৳30,000 – ৳60,000",2.0,Not started yet (এখনো শুরু করিনি),0 – 2,0 – 5 hours,Almost Daily (প্রতিদিনই প্রায়),3 – 4 platforms,0 – 5,Less than 25%,None (০টি),5.0,3.0,3.0,3.0,2.0,Less than 4 hours,3.0,2.0,3.0,5.0,3.0,4.0,4.0,3.0,3.0,2.0,3.0,5.0,2,2,2,2,2,2,2,1,2,2,1,2,2,1,2,2,4 = Somewhat Agree ✅,17,12,3.3333333333333335,1,1
"হ্যাঁ, আমি সম্মতি দিচ্ছি (Yes, I consent)",Male (পুরুষ),23 – 25 years,Private University (বেসরকারি বিশ্ববিদ্যালয়),Engineering / CSE / IT,3.50 – 3.79,Final year / Graduating within 1–2 semesters (শেষ বর্ষে আছি),"Below ৳30,000",4.0,Not started yet (এখনো শুরু করিনি),0 – 2,0 – 5 hours,Never (কখনোই না),1 – 2 platforms,0 – 5,Less than 25%,None (০টি),4.0,3.0,3.0,4.0,4.0,6 – 8 hours,5.0,5.0,5.0,5.0,6.0,5.0,5.0,4.0,5.0,6.0,5.0,6.0,2,2,2,2,2,1,3,2,1,1,2,2,3,2,2,2,4 = Somewhat Agree ✅,17,14,5.166666666666667,1,1
"হ্যাঁ, আমি সম্মতি দিচ্ছি (Yes, I consent)",Male (পুরুষ),23 – 25 years,Private University (বেসরকারি বিশ্ববিদ্যালয়),Engineering / CSE / IT,3.00 – 3.49,Final year / Graduating within 1–2 semesters (শেষ বর্ষে আছি),"৳30,000 – ৳60,000",3.0,Less than 3 months,0 – 2,0 – 5 hours,Sometimes (মাঝে মাঝে),3 – 4 platforms,0 – 5,51% – 75%,None (০টি),5.0,4.0,5.0,5.0,5.0,4 – 6 hours,5.0,1.0,7.0,7.0,5.0,5.0,5.0,4.0,5.0,3.0,4.0,5.0,1,2,1,1,1,3,3,3,3,3,3,1,2,1,2,2,4 = Somewhat Agree ✅,18,14,4.666666666666667,1,1
"হ্যাঁ, আমি সম্মতি দিচ্ছি (Yes, I consent)",Male (পুরুষ),23 – 25 years,Private University (বেসরকারি বিশ্ববিদ্যালয়),Engineering / CSE / IT,Below 3.00,Final year / Graduating within 1–2 semesters (শেষ বর্ষে আছি),"Below ৳30,000",1.0,Not started yet (এখনো শুরু করিনি),0 – 2,0 – 5 hours,Often (প্রায়ই),5 or more platforms,0 – 5,Less than 25%,None (০টি),5.0,5.0,5.0,5.0,3.0,4 – 6 hours,1.0,1.0,7.0,7.0,1.0,7.0,5.0,5.0,6.0,7.0,6.0,4.0,2,1,3,2,2,2,1,2,2,2,1,2,2,2,1,0,4 = Somewhat Agree ✅,17,10,4.75,1,1
"হ্যাঁ, আমি সম্মতি দিচ্ছি (Yes, I consent)",Female (নারী),23 – 25 years,Private University (বেসরকারি বিশ্ববিদ্যালয়),"Arts, Humanities & Social Sciences",3.80 – 4.00,Final year / Graduating within 1–2 semesters (শেষ বর্ষে আছি),"৳60,000 – ৳1,00,000",4.0,3 – 6 months,3 – 5,0 – 5 hours,Rarely (কদাচিৎ),5 or more platforms,0 – 5,Less than 25%,More than 5,5.0,2.0,5.0,5.0,4.0,Less than 4 hours,2.0,3.0,3.0,4.0,7.0,6.0,4.0,3.0,3.0,6.0,3.0,3.0,1,0,1,2,2,0,1,1,0,1,3,3,1,1,2,1,4 = Somewhat Agree ✅,8,12,3.9166666666666665,0,1
"হ্যাঁ, আমি সম্মতি দিচ্ছি (Yes, I consent)",Male (পুরুষ),23 – 25 years,Private University (বেসরকারি বিশ্ববিদ্যালয়),Engineering / CSE / IT,3.00 – 3.49,Final year / Graduating within 1–2 semesters (শেষ বর্ষে আছি),"৳60,000 – ৳1,00,000",3.0,More than 1 year,0 – 2,0 – 5 hours,Rarely (কদাচিৎ),1 – 2 platforms,6 – 15,Less than 25%,1 – 2,2.0,3.0,3.0,4.0,2.0,4 – 6 hours,4.0,5.0,4.0,6.0,5.0,2.0,3.0,4.0,6.0,4.0,4.0,4.0,3,2,1,2,3,2,2,2,1,1,2,2,1,2,2,1,4 = Somewhat Agree ✅,18,11,4.25,1,1
"হ্যাঁ, আমি সম্মতি দিচ্ছি (Yes, I consent)",Female (নারী),23 – 25 years,Private University (বেসরকারি বিশ্ববিদ্যালয়),Engineering / CSE / IT,Below 3.00,Final year / Graduating within 1–2 semesters (শেষ বর্ষে আছি),"৳60,000 – ৳1,00,000",1.0,Not started yet (এখনো শুরু করিনি),0 – 2,0 – 5 hours,Never (কখনোই না),1 – 2 platforms,0 – 5,Less than 25%,None (০টি),3.0,4.0,1.0,4.0,5.0,6 – 8 hours,7.0,7.0,7.0,7.0,7.0,7.0,7.0,7.0,7.0,7.0,7.0,7.0,1,1,2,1,1,3,1,1,1,0,1,1,0,0,1,0,4 = Somewhat Agree ✅,12,3,7.0,1,0
"হ্যাঁ, আমি সম্মতি দিচ্ছি (Yes, I consent)",Female (নারী),20 – 22 years,Private University (বেসরকারি বিশ্ববিদ্যালয়),Engineering / CSE / IT,3.80 – 4.00,Final year / Graduating within 1–2 semesters (শেষ বর্ষে আছি),"৳30,000 – ৳60,000",1.0,3 – 6 months,0 – 2,6 – 10 hours,Rarely (কদাচিৎ),3 – 4 platforms,0 – 5,Less than 25%,1 – 2,5.0,1.0,1.0,1.0,3.0,Less than 4 hours,1.0,2.0,2.0,4.0,4.0,3.0,4.0,3.0,5.0,4.0,6.0,2.0,1,1,3,2,2,1,1,1,1,1,1,1,1,1,1,1,4 = Somewhat Agree ✅,13,7,3.3333333333333335,1,0
"হ্যাঁ, আমি সম্মতি দিচ্ছি (Yes, I consent)",Male (পুরুষ),23 – 25 years,Private University (বেসরকারি বিশ্ববিদ্যালয়),Engineering / CSE / IT,Below 3.00,Final year / Graduating within 1–2 semesters (শেষ বর্ষে আছি),"Below ৳30,000",1.0,Not started yet (এখনো শুরু করিনি),0 – 2,0 – 5 hours,Never (কখনোই না),1 – 2 platforms,0 – 5,Less than 25%,None (০টি),3.0,4.0,3.0,3.0,4.0,More than 8 hours,1.0,1.0,7.0,7.0,7.0,6.0,4.0,3.0,2.0,3.0,4.0,5.0,2,2,2,2,2,2,2,2,1,2,2,2,2,1,2,1,4 = Somewhat Agree ✅,17,12,4.166666666666667,1,1
"হ্যাঁ, আমি সম্মতি দিচ্ছি (Yes, I consent)",Male (পুরুষ),23 – 25 years,Private University (বেসরকারি বিশ্ববিদ্যালয়),Engineering / CSE / IT,3.00 – 3.49,Final year / Graduating within 1–2 semesters (শেষ বর্ষে আছি),"Below ৳30,000",1.0,Not started yet (এখনো শুরু করিনি),11 – 20,6 – 10 hours,Rarely (কদাচিৎ),3 – 4 platforms,16 – 30,51% – 75%,3 – 5,4.0,4.0,4.0,4.0,4.0,6 – 8 hours,2.0,2.0,7.0,4.0,3.0,6.0,6.0,7.0,6.0,6.0,6.0,6.0,0,3,1,2,3,2,2,1,1,2,2,2,2,2,2,1,4 = Somewhat Agree ✅,15,13,5.083333333333333,1,1
"হ্যাঁ, আমি সম্মতি দিচ্ছি (Yes, I consent)",Male (পুরুষ),26 years or above,Private University (বেসরকারি বিশ্ববিদ্যালয়),Engineering / CSE / IT,3.50 – 3.79,Final year / Graduating within 1–2 semesters (শেষ বর্ষে আছি),"Above ৳1,00,000",4.0,Not started yet (এখনো শুরু করিনি),0 – 2,0 – 5 hours,Almost Daily (প্রতিদিনই প্রায়),3 – 4 platforms,0 – 5,Less than 25%,None (০টি),5.0,3.0,4.0,3.0,3.0,More than 8 hours,7.0,1.0,7.0,7.0,1.0,1.0,1.0,3.0,1.0,1.0,4.0,1.0,1,1,1,0,0,1,1,1,0,0,3,3,3,1,1,0,4 = Somewhat Agree ✅,6,11,2.9166666666666665,0,1
