Timestamp,"A1. উপরের তথ্য পড়ে আপনি কি এই গবেষণামূলক জরিপে স্বেচ্ছায় অংশগ্রহণ করতে সম্মতি দিচ্ছেন?
(Do you voluntarily consent to participate in this study?)",B1. Gender (জেন্ডার),B2. Age Group (বয়স),B3. University Type (বিশ্ববিদ্যালয়ের ধরন),B4. Academic Discipline (পড়ার বিষয়/বিভাগ),B5. Current / Last Obtained CGPA (বর্তমান বা সর্বশেষ CGPA),B6. Graduation Status (গ্র্যাজুয়েশন অবস্থা),B7. Monthly Household Income (পরিবারের মাসিক আনুমানিক আয়),"B8. আর্থিক চাপ (Financial Pressure)
দ্রুত চাকরি পাওয়ার জন্য আপনি কতটা পারিবারিক বা আর্থিক চাপ অনুভব করেন?
(How much financial or family pressure do you feel to secure employment quickly?)","C1. চাকরি খোঁজার মেয়াদ (Job Search Duration)
আপনি কতদিন ধরে সক্রিয়ভাবে চাকরি খুঁজছেন?","C2. Weekly Applications (সাপ্তাহিক আবেদন)
প্রতি সপ্তাহে গড়ে কতটি চাকরিতে আবেদন করেন?","C3. Weekly Hours Spent (সাপ্তাহিক সময় ব্যয়)
চাকরি খোঁজা ও আবেদনের পেছনে প্রতি সপ্তাহে গড়ে কত ঘণ্টা সময় দেন?","C4. Late-Night Job Searching (গভীর রাতে চাকরি খোঁজা)
রাত ১২টা থেকে ভোর ৫টার মধ্যে চাকরি খোঁজা বা আবেদন করার অভ্যাস কেমন?","C5. Platforms Used (প্ল্যাটফর্মের সংখ্যা)
চাকরি খোঁজার কাজে সক্রিয়ভাবে কতটি প্ল্যাটফর্ম ব্যবহার করেন? (e.g., LinkedIn, Bdjobs, Facebook groups)","C6. Rejection Count (প্রত্যাখ্যানের সংখ্যা)
এ পর্যন্ত আনুমানিক কতটি চাকরি থেকে সরাসরি rejection পেয়েছেন?","C7. Ghosting Rate (সাড়া না পাওয়ার হার)
আবেদন করার পরও কোনো সাড়া বা আপডেট না পাওয়ার (Ghosting) আনুমানিক হার কত?","C8. Interview Invitations (Interview-এর ডাক)
এ পর্যন্ত কতটি job interview-এর ডাক পেয়েছেন?","C9. I regularly customize my CV or cover letter for each specific job opening.
(প্রতিটি চাকরির জন্য আলাদাভাবে সিভি বা কভার লেটার কাস্টমাইজ করি।)","C10. Seeing peers' job or career updates on LinkedIn or Facebook makes me feel inadequate or anxious.
(বন্ধুদের চাকরির পোস্ট দেখলে নিজের মধ্যে হীনমন্যতা বা অস্থিরতা তৈরি হয়।)","C11. I feel intense pressure from family expectations to secure employment quickly.
(দ্রুত চাকরি পাওয়ার জন্য পরিবারের প্রত্যাশার চাপ অনুভব করি।)","C12. I fear social stigma or negative judgment from others due to being unemployed.
(দীর্ঘদিন চাকরি না পেলে সমাজের নেতিবাচক মনোভাবের ভয় আমাকে তাড়া করে।)","C13. I often feel hopeless about securing a job that matches my qualifications.
(আমার যোগ্যতা অনুযায়ী উপযুক্ত চাকরি পাওয়ার ব্যাপারে প্রায়ই নিরাশ বা হতাশ বোধ করি।)","C14. Daily Screen Time (দৈনিক Screen Time)
স্মার্টফোন বা কম্পিউটারে আপনার দৈনিক গড় সময়?","D1. There is a special person who is around when I am in need.
(আমার প্রয়োজনের সময় পাশে থাকার মতো একজন বিশেষ মানুষ আছেন।)","D2. There is a special person with whom I can share my joys and sorrows.
(এমন একজন বিশেষ মানুষ আছেন যার সাথে আনন্দ-দুঃখ ভাগ করে নিতে পারি।)","D3. My family really tries to help me.
(আমার পরিবার আমাকে আন্তরিকভাবে সাহায্য করার চেষ্টা করে।)","D4. I get the emotional help and support I need from my family.
(পরিবারের কাছ থেকে প্রয়োজনীয় মানসিক সাহায্য ও সমর্থন পাই।)","D5. I have a special person who is a real source of comfort to me.
(আমার জীবনে এমন একজন বিশেষ মানুষ আছেন যিনি মানসিক শান্তির একটি বড় উৎস।)","D6. My friends really try to help me.
(আমার বন্ধুরা সত্যি সত্যি আমাকে সাহায্য করার চেষ্টা করে।)","D7. I can count on my friends when things go wrong.
(কোনো সমস্যা বা খারাপ সময়ে বন্ধুদের ওপর নির্ভর করতে পারি।)","D8. I can talk about my problems with my family.
(পরিবারের সাথে নিজের সমস্যার কথা খোলাখুলি বলতে পারি।)","D9. I have friends with whom I can share my joys and sorrows.
(এমন কিছু বন্ধু আছে যাদের সাথে সুখ-দুঃখ ভাগ করে নিতে পারি।)","D10. There is a special person in my life who cares about my feelings.
(আমার জীবনে এমন একজন বিশেষ মানুষ আছেন যিনি আমার অনুভূতির কদর করেন।)","D11. My family is willing to help me make decisions.
(গুরুত্বপূর্ণ সিদ্ধান্ত নিতে পরিবার সাহায্য করতে প্রস্তুত থাকে।)","D12. I can talk about my problems with my friends.
(বন্ধুদের সাথে নিজের ব্যক্তিগত সমস্যার কথা নির্দ্বিধায় শেয়ার করতে পারি।)","E1. Little interest or pleasure in doing things.
(দৈনন্দিন কাজে আগ্রহ বা আনন্দ কমে যাওয়া।)","E2. Feeling down, depressed, or hopeless.
(মন খারাপ, হতাশাগ্রস্ত বা নিরাশ বোধ করা।)","E3. Trouble falling or staying asleep, or sleeping too much.
(ঘুমাতে সমস্যা হওয়া, ঘুম ভেঙে যাওয়া বা অতিরিক্ত ঘুমানো।)","E4. Feeling tired or having little energy.
(সারাক্ষণ ক্লান্ত বা শরীরে কোনো শক্তি না পাওয়া।)","E5. Poor appetite or overeating.
(খাওয়ার রুচি কমে যাওয়া বা অতিরিক্ত খাওয়া।)","E6. Feeling bad about yourself — or that you are a failure, or have let yourself or your family down.
(নিজেকে অপদার্থ মনে হওয়া, ব্যর্থ ভাবা বা পরিবারের সম্মান নষ্ট করেছি মনে হওয়া।)","E7. Trouble concentrating on things, such as reading or watching television.
(পড়া বা অন্য কোনো কাজে মনোযোগ দিতে সমস্যা হওয়া।)","E8. Moving or speaking so slowly that other people could have noticed — or the opposite, being so fidgety or restless that you have been moving much more than usual.
(অতিরিক্ত ধীরগতিতে চলাফেরা বা কথা বলা, অথবা উল্টো এত ছটফট করা যে স্থির হয়ে থাকা কঠিন।)","E9. Thoughts that you would be better off dead, or of hurting yourself in some way.
(বেঁচে থাকার চেয়ে মরে যাওয়া ভালো এমন চিন্তা, বা নিজেকে আঘাত করার ইচ্ছে।)","F1. Feeling nervous, anxious, or on edge.
(স্নায়বিক চাপ, অতিরিক্ত উদ্বেগ বা অস্থিরতা অনুভব করা।)","F2. Not being able to stop or control worrying.
(কোনো চিন্তা মাথায় এলে তা থামাতে বা নিয়ন্ত্রণ করতে না পারা।)","F3. Worrying too much about different things.
(বিভিন্ন বিষয় নিয়ে অতিরিক্ত দুশ্চিন্তা করা।)","F4. Trouble relaxing.
(নিজেকে শান্ত বা relax করতে সমস্যা হওয়া।)","F5. Being so restless that it is hard to sit still.
(এত বেশি অস্থির লাগা যে এক জায়গায় স্থির হয়ে বসা কঠিন হয়ে পড়ে।)","F6. Becoming easily annoyed or irritable.
(খুব সহজেই রেগে যাওয়া বা বিরক্ত হয়ে পড়া।)","F7. Feeling afraid, as if something awful might happen.
(কোনো একটা খারাপ কিছু ঘটতে যাচ্ছে এমন অমূলক ভয় পাওয়া।)","G1. Attention Check ✅
To confirm you are reading each question carefully, please select Option 4 — 'Somewhat Agree' — below.
(আপনি প্রতিটি প্রশ্ন মনোযোগ দিয়ে পড়ছেন কিনা নিশ্চিত করতে নিচে '৪ = Somewhat Agree' অপশনটি বেছে নিন।)"
9/26/2026 23:01:50,"হ্যাঁ, আমি সম্মতি দিচ্ছি (Yes, I consent)",Male (পুরুষ),23 – 25 years,Private University (বেসরকারি বিশ্ববিদ্যালয়),Engineering / CSE / IT,3.00 – 3.49,Final year / Graduating within 1–2 semesters (শেষ বর্ষে আছি),"৳30,000 – ৳60,000",1,Not started yet (এখনো শুরু করিনি),0 – 2,0 – 5 hours,Never (কখনোই না),1 – 2 platforms,0 – 5,Less than 25%,None (০টি),5,3,2,4,4,More than 8 hours,5,5,6,6,7,5,5,3,6,7,6,5,1 = Several days (কয়েকদিন),0 = Not at all (একেবারেই না),0 = Not at all (একেবারেই না),1 = Several days (কয়েকদিন),1 = Several days (কয়েকদিন),1 = Several days (কয়েকদিন),2 = More than half the days (অর্ধেকেরও বেশি দিন),2 = More than half the days (অর্ধেকেরও বেশি দিন),0 = Not at all (একেবারেই না),1 = Several days (কয়েকদিন),2 = More than half the days (অর্ধেকেরও বেশি দিন),3 = Nearly every day (প্রায় প্রতিদিনই),2 = More than half the days (অর্ধেকেরও বেশি দিন),2 = More than half the days (অর্ধেকেরও বেশি দিন),1 = Several days (কয়েকদিন),1 = Several days (কয়েকদিন),4 = Somewhat Agree ✅
9/28/2026 11:36:59,"হ্যাঁ, আমি সম্মতি দিচ্ছি (Yes, I consent)",Female (নারী),20 – 22 years,Private University (বেসরকারি বিশ্ববিদ্যালয়),Engineering / CSE / IT,3.00 – 3.49,Final year / Graduating within 1–2 semesters (শেষ বর্ষে আছি),"৳60,000 – ৳1,00,000",5,Less than 3 months,0 – 2,0 – 5 hours,Never (কখনোই না),1 – 2 platforms,6 – 15,Less than 25%,3 – 5,3,1,1,1,3,Less than 4 hours,1,1,1,1,1,1,3,1,3,1,1,4,1 = Several days (কয়েকদিন),2 = More than half the days (অর্ধেকেরও বেশি দিন),2 = More than half the days (অর্ধেকেরও বেশি দিন),1 = Several days (কয়েকদিন),0 = Not at all (একেবারেই না),0 = Not at all (একেবারেই না),3 = Nearly every day (প্রায় প্রতিদিনই),0 = Not at all (একেবারেই না),3 = Nearly every day (প্রায় প্রতিদিনই),1 = Several days (কয়েকদিন),0 = Not at all (একেবারেই না),1 = Several days (কয়েকদিন),1 = Several days (কয়েকদিন),1 = Several days (কয়েকদিন),0 = Not at all (একেবারেই না),0 = Not at all (একেবারেই না),4 = Somewhat Agree ✅
9/28/2026 13:26:19,"হ্যাঁ, আমি সম্মতি দিচ্ছি (Yes, I consent)",Male (পুরুষ),20 – 22 years,Private University (বেসরকারি বিশ্ববিদ্যালয়),Engineering / CSE / IT,3.00 – 3.49,Final year / Graduating within 1–2 semesters (শেষ বর্ষে আছি),"৳30,000 – ৳60,000",4,3 – 6 months,More than 20,6 – 10 hours,Almost Daily (প্রতিদিনই প্রায়),3 – 4 platforms,6 – 15,More than 75%,More than 5,4,2,4,4,5,6 – 8 hours,3,1,6,6,1,6,6,6,6,1,5,6,1 = Several days (কয়েকদিন),2 = More than half the days (অর্ধেকেরও বেশি দিন),2 = More than half the days (অর্ধেকেরও বেশি দিন),0 = Not at all (একেবারেই না),0 = Not at all (একেবারেই না),1 = Several days (কয়েকদিন),1 = Several days (কয়েকদিন),1 = Several days (কয়েকদিন),0 = Not at all (একেবারেই না),1 = Several days (কয়েকদিন),1 = Several days (কয়েকদিন),1 = Several days (কয়েকদিন),1 = Several days (কয়েকদিন),1 = Several days (কয়েকদিন),1 = Several days (কয়েকদিন),1 = Several days (কয়েকদিন),5 = Strongly Agree
9/28/2026 13:58:59,"হ্যাঁ, আমি সম্মতি দিচ্ছি (Yes, I consent)",Male (পুরুষ),23 – 25 years,Private University (বেসরকারি বিশ্ববিদ্যালয়),Engineering / CSE / IT,3.50 – 3.79,Graduated within the last 6 months (গত ৬ মাসের মধ্যে শেষ হয়েছে),"৳60,000 – ৳1,00,000",1,3 – 6 months,3 – 5,0 – 5 hours,Sometimes (মাঝে মাঝে),3 – 4 platforms,0 – 5,More than 75%,1 – 2,3,3,3,2,5,4 – 6 hours,7,4,7,7,7,4,2,7,4,7,7,4,3 = Nearly every day (প্রায় প্রতিদিনই),2 = More than half the days (অর্ধেকেরও বেশি দিন),3 = Nearly every day (প্রায় প্রতিদিনই),3 = Nearly every day (প্রায় প্রতিদিনই),3 = Nearly every day (প্রায় প্রতিদিনই),2 = More than half the days (অর্ধেকেরও বেশি দিন),3 = Nearly every day (প্রায় প্রতিদিনই),2 = More than half the days (অর্ধেকেরও বেশি দিন),0 = Not at all (একেবারেই না),2 = More than half the days (অর্ধেকেরও বেশি দিন),3 = Nearly every day (প্রায় প্রতিদিনই),2 = More than half the days (অর্ধেকেরও বেশি দিন),2 = More than half the days (অর্ধেকেরও বেশি দিন),1 = Several days (কয়েকদিন),3 = Nearly every day (প্রায় প্রতিদিনই),0 = Not at all (একেবারেই না),4 = Somewhat Agree ✅
9/28/2026 14:06:10,"হ্যাঁ, আমি সম্মতি দিচ্ছি (Yes, I consent)",Male (পুরুষ),20 – 22 years,Private University (বেসরকারি বিশ্ববিদ্যালয়),Engineering / CSE / IT,3.50 – 3.79,Final year / Graduating within 1–2 semesters (শেষ বর্ষে আছি),"৳30,000 – ৳60,000",3,Not started yet (এখনো শুরু করিনি),0 – 2,0 – 5 hours,Almost Daily (প্রতিদিনই প্রায়),1 – 2 platforms,0 – 5,Less than 25%,None (০টি),1,1,1,1,2,Less than 4 hours,1,1,1,1,1,1,1,1,2,3,2,2,0 = Not at all (একেবারেই না),0 = Not at all (একেবারেই না),0 = Not at all (একেবারেই না),0 = Not at all (একেবারেই না),0 = Not at all (একেবারেই না),0 = Not at all (একেবারেই না),0 = Not at all (একেবারেই না),0 = Not at all (একেবারেই না),0 = Not at all (একেবারেই না),0 = Not at all (একেবারেই না),0 = Not at all (একেবারেই না),0 = Not at all (একেবারেই না),0 = Not at all (একেবারেই না),0 = Not at all (একেবারেই না),0 = Not at all (একেবারেই না),0 = Not at all (একেবারেই না),1 = Strongly Disagree
9/28/2026 14:35:39,"হ্যাঁ, আমি সম্মতি দিচ্ছি (Yes, I consent)",Male (পুরুষ),23 – 25 years,Private University (বেসরকারি বিশ্ববিদ্যালয়),Engineering / CSE / IT,3.80 – 4.00,Final year / Graduating within 1–2 semesters (শেষ বর্ষে আছি),"৳30,000 – ৳60,000",5,Less than 3 months,0 – 2,0 – 5 hours,Rarely (কদাচিৎ),1 – 2 platforms,0 – 5,More than 75%,1 – 2,5,5,5,5,5,6 – 8 hours,3,6,5,3,6,3,3,3,1,7,3,1,2 = More than half the days (অর্ধেকেরও বেশি দিন),2 = More than half the days (অর্ধেকেরও বেশি দিন),2 = More than half the days (অর্ধেকেরও বেশি দিন),2 = More than half the days (অর্ধেকেরও বেশি দিন),0 = Not at all (একেবারেই না),3 = Nearly every day (প্রায় প্রতিদিনই),1 = Several days (কয়েকদিন),3 = Nearly every day (প্রায় প্রতিদিনই),3 = Nearly every day (প্রায় প্রতিদিনই),3 = Nearly every day (প্রায় প্রতিদিনই),3 = Nearly every day (প্রায় প্রতিদিনই),3 = Nearly every day (প্রায় প্রতিদিনই),3 = Nearly every day (প্রায় প্রতিদিনই),3 = Nearly every day (প্রায় প্রতিদিনই),1 = Several days (কয়েকদিন),3 = Nearly every day (প্রায় প্রতিদিনই),5 = Strongly Agree
9/28/2026 15:29:49,"হ্যাঁ, আমি সম্মতি দিচ্ছি (Yes, I consent)",Male (পুরুষ),23 – 25 years,Private University (বেসরকারি বিশ্ববিদ্যালয়),Engineering / CSE / IT,3.50 – 3.79,Final year / Graduating within 1–2 semesters (শেষ বর্ষে আছি),"৳30,000 – ৳60,000",4,Less than 3 months,0 – 2,0 – 5 hours,Rarely (কদাচিৎ),1 – 2 platforms,0 – 5,More than 75%,None (০টি),4,4,4,4,5,More than 8 hours,2,3,5,5,2,6,6,5,5,1,5,5,3 = Nearly every day (প্রায় প্রতিদিনই),3 = Nearly every day (প্রায় প্রতিদিনই),3 = Nearly every day (প্রায় প্রতিদিনই),2 = More than half the days (অর্ধেকেরও বেশি দিন),2 = More than half the days (অর্ধেকেরও বেশি দিন),2 = More than half the days (অর্ধেকেরও বেশি দিন),3 = Nearly every day (প্রায় প্রতিদিনই),1 = Several days (কয়েকদিন),1 = Several days (কয়েকদিন),2 = More than half the days (অর্ধেকেরও বেশি দিন),2 = More than half the days (অর্ধেকেরও বেশি দিন),2 = More than half the days (অর্ধেকেরও বেশি দিন),3 = Nearly every day (প্রায় প্রতিদিনই),1 = Several days (কয়েকদিন),3 = Nearly every day (প্রায় প্রতিদিনই),2 = More than half the days (অর্ধেকেরও বেশি দিন),4 = Somewhat Agree ✅
9/28/2026 16:33:19,"হ্যাঁ, আমি সম্মতি দিচ্ছি (Yes, I consent)",Female (নারী),23 – 25 years,Private University (বেসরকারি বিশ্ববিদ্যালয়),Engineering / CSE / IT,3.00 – 3.49,Final year / Graduating within 1–2 semesters (শেষ বর্ষে আছি),"Above ৳1,00,000",1,Not started yet (এখনো শুরু করিনি),0 – 2,0 – 5 hours,Rarely (কদাচিৎ),1 – 2 platforms,0 – 5,Less than 25%,None (০টি),5,1,1,5,4,More than 8 hours,7,7,7,7,7,7,7,7,7,7,7,6,1 = Several days (কয়েকদিন),1 = Several days (কয়েকদিন),2 = More than half the days (অর্ধেকেরও বেশি দিন),3 = Nearly every day (প্রায় প্রতিদিনই),2 = More than half the days (অর্ধেকেরও বেশি দিন),3 = Nearly every day (প্রায় প্রতিদিনই),3 = Nearly every day (প্রায় প্রতিদিনই),3 = Nearly every day (প্রায় প্রতিদিনই),0 = Not at all (একেবারেই না),2 = More than half the days (অর্ধেকেরও বেশি দিন),3 = Nearly every day (প্রায় প্রতিদিনই),3 = Nearly every day (প্রায় প্রতিদিনই),0 = Not at all (একেবারেই না),2 = More than half the days (অর্ধেকেরও বেশি দিন),2 = More than half the days (অর্ধেকেরও বেশি দিন),2 = More than half the days (অর্ধেকেরও বেশি দিন),4 = Somewhat Agree ✅
9/28/2026 16:53:04,"হ্যাঁ, আমি সম্মতি দিচ্ছি (Yes, I consent)",Female (নারী),20 – 22 years,Public University (পাবলিক বিশ্ববিদ্যালয়),Other,3.00 – 3.49,Final year / Graduating within 1–2 semesters (শেষ বর্ষে আছি),"৳60,000 – ৳1,00,000",5,Less than 3 months,3 – 5,6 – 10 hours,Often (প্রায়ই),5 or more platforms,0 – 5,51% – 75%,1 – 2,3,5,4,4,5,More than 8 hours,7,7,7,7,7,7,7,7,7,7,7,7,2 = More than half the days (অর্ধেকেরও বেশি দিন),2 = More than half the days (অর্ধেকেরও বেশি দিন),2 = More than half the days (অর্ধেকেরও বেশি দিন),2 = More than half the days (অর্ধেকেরও বেশি দিন),0 = Not at all (একেবারেই না),2 = More than half the days (অর্ধেকেরও বেশি দিন),2 = More than half the days (অর্ধেকেরও বেশি দিন),2 = More than half the days (অর্ধেকেরও বেশি দিন),1 = Several days (কয়েকদিন),2 = More than half the days (অর্ধেকেরও বেশি দিন),1 = Several days (কয়েকদিন),2 = More than half the days (অর্ধেকেরও বেশি দিন),0 = Not at all (একেবারেই না),1 = Several days (কয়েকদিন),0 = Not at all (একেবারেই না),1 = Several days (কয়েকদিন),4 = Somewhat Agree ✅
9/28/2026 17:38:52,"হ্যাঁ, আমি সম্মতি দিচ্ছি (Yes, I consent)",Female (নারী),23 – 25 years,Private University (বেসরকারি বিশ্ববিদ্যালয়),Natural & Applied Sciences,3.00 – 3.49,Final year / Graduating within 1–2 semesters (শেষ বর্ষে আছি),"৳60,000 – ৳1,00,000",2,Not started yet (এখনো শুরু করিনি),0 – 2,0 – 5 hours,Never (কখনোই না),3 – 4 platforms,0 – 5,Less than 25%,1 – 2,2,4,2,5,4,Less than 4 hours,7,7,7,7,7,6,6,7,7,7,7,7,1 = Several days (কয়েকদিন),1 = Several days (কয়েকদিন),1 = Several days (কয়েকদিন),1 = Several days (কয়েকদিন),2 = More than half the days (অর্ধেকেরও বেশি দিন),2 = More than half the days (অর্ধেকেরও বেশি দিন),3 = Nearly every day (প্রায় প্রতিদিনই),3 = Nearly every day (প্রায় প্রতিদিনই),1 = Several days (কয়েকদিন),1 = Several days (কয়েকদিন),1 = Several days (কয়েকদিন),1 = Several days (কয়েকদিন),1 = Several days (কয়েকদিন),0 = Not at all (একেবারেই না),3 = Nearly every day (প্রায় প্রতিদিনই),3 = Nearly every day (প্রায় প্রতিদিনই),4 = Somewhat Agree ✅
9/28/2026 18:56:14,"হ্যাঁ, আমি সম্মতি দিচ্ছি (Yes, I consent)",Female (নারী),23 – 25 years,Public University (পাবলিক বিশ্ববিদ্যালয়),"Arts, Humanities & Social Sciences",3.00 – 3.49,Final year / Graduating within 1–2 semesters (শেষ বর্ষে আছি),"৳30,000 – ৳60,000",5,Not started yet (এখনো শুরু করিনি),0 – 2,6 – 10 hours,Often (প্রায়ই),1 – 2 platforms,0 – 5,Less than 25%,None (০টি),2,5,5,5,4,More than 8 hours,1,1,3,3,1,5,4,2,5,1,7,1,3 = Nearly every day (প্রায় প্রতিদিনই),3 = Nearly every day (প্রায় প্রতিদিনই),3 = Nearly every day (প্রায় প্রতিদিনই),3 = Nearly every day (প্রায় প্রতিদিনই),3 = Nearly every day (প্রায় প্রতিদিনই),3 = Nearly every day (প্রায় প্রতিদিনই),3 = Nearly every day (প্রায় প্রতিদিনই),3 = Nearly every day (প্রায় প্রতিদিনই),3 = Nearly every day (প্রায় প্রতিদিনই),2 = More than half the days (অর্ধেকেরও বেশি দিন),2 = More than half the days (অর্ধেকেরও বেশি দিন),2 = More than half the days (অর্ধেকেরও বেশি দিন),3 = Nearly every day (প্রায় প্রতিদিনই),2 = More than half the days (অর্ধেকেরও বেশি দিন),3 = Nearly every day (প্রায় প্রতিদিনই),3 = Nearly every day (প্রায় প্রতিদিনই),4 = Somewhat Agree ✅
9/28/2026 20:01:17,"হ্যাঁ, আমি সম্মতি দিচ্ছি (Yes, I consent)",Female (নারী),23 – 25 years,Private University (বেসরকারি বিশ্ববিদ্যালয়),Engineering / CSE / IT,3.50 – 3.79,Final year / Graduating within 1–2 semesters (শেষ বর্ষে আছি),"Above ৳1,00,000",5,Not started yet (এখনো শুরু করিনি),0 – 2,0 – 5 hours,Never (কখনোই না),1 – 2 platforms,0 – 5,Less than 25%,None (০টি),2,5,5,5,3,Less than 4 hours,1,1,2,2,1,3,1,1,1,1,1,3,3 = Nearly every day (প্রায় প্রতিদিনই),3 = Nearly every day (প্রায় প্রতিদিনই),3 = Nearly every day (প্রায় প্রতিদিনই),3 = Nearly every day (প্রায় প্রতিদিনই),1 = Several days (কয়েকদিন),2 = More than half the days (অর্ধেকেরও বেশি দিন),3 = Nearly every day (প্রায় প্রতিদিনই),3 = Nearly every day (প্রায় প্রতিদিনই),3 = Nearly every day (প্রায় প্রতিদিনই),3 = Nearly every day (প্রায় প্রতিদিনই),3 = Nearly every day (প্রায় প্রতিদিনই),3 = Nearly every day (প্রায় প্রতিদিনই),3 = Nearly every day (প্রায় প্রতিদিনই),3 = Nearly every day (প্রায় প্রতিদিনই),3 = Nearly every day (প্রায় প্রতিদিনই),3 = Nearly every day (প্রায় প্রতিদিনই),4 = Somewhat Agree ✅
9/28/2026 20:06:05,"হ্যাঁ, আমি সম্মতি দিচ্ছি (Yes, I consent)",Female (নারী),23 – 25 years,Private University (বেসরকারি বিশ্ববিদ্যালয়),"Arts, Humanities & Social Sciences",3.00 – 3.49,Final year / Graduating within 1–2 semesters (শেষ বর্ষে আছি),"৳30,000 – ৳60,000",2,3 – 6 months,3 – 5,0 – 5 hours,Rarely (কদাচিৎ),3 – 4 platforms,0 – 5,25% – 50%,1 – 2,5,2,2,4,3,6 – 8 hours,3,1,6,6,2,6,5,6,6,6,6,6,1 = Several days (কয়েকদিন),3 = Nearly every day (প্রায় প্রতিদিনই),3 = Nearly every day (প্রায় প্রতিদিনই),2 = More than half the days (অর্ধেকেরও বেশি দিন),1 = Several days (কয়েকদিন),3 = Nearly every day (প্রায় প্রতিদিনই),2 = More than half the days (অর্ধেকেরও বেশি দিন),3 = Nearly every day (প্রায় প্রতিদিনই),3 = Nearly every day (প্রায় প্রতিদিনই),3 = Nearly every day (প্রায় প্রতিদিনই),3 = Nearly every day (প্রায় প্রতিদিনই),3 = Nearly every day (প্রায় প্রতিদিনই),3 = Nearly every day (প্রায় প্রতিদিনই),3 = Nearly every day (প্রায় প্রতিদিনই),3 = Nearly every day (প্রায় প্রতিদিনই),3 = Nearly every day (প্রায় প্রতিদিনই),5 = Strongly Agree
9/28/2026 20:10:26,"হ্যাঁ, আমি সম্মতি দিচ্ছি (Yes, I consent)",Male (পুরুষ),23 – 25 years,Private University (বেসরকারি বিশ্ববিদ্যালয়),Engineering / CSE / IT,3.00 – 3.49,Final year / Graduating within 1–2 semesters (শেষ বর্ষে আছি),"৳30,000 – ৳60,000",5,Not started yet (এখনো শুরু করিনি),0 – 2,0 – 5 hours,Never (কখনোই না),1 – 2 platforms,0 – 5,Less than 25%,None (০টি),3,1,4,3,3,More than 8 hours,1,1,6,6,1,6,5,4,3,2,6,4,1 = Several days (কয়েকদিন),0 = Not at all (একেবারেই না),2 = More than half the days (অর্ধেকেরও বেশি দিন),1 = Several days (কয়েকদিন),0 = Not at all (একেবারেই না),0 = Not at all (একেবারেই না),1 = Several days (কয়েকদিন),0 = Not at all (একেবারেই না),0 = Not at all (একেবারেই না),0 = Not at all (একেবারেই না),0 = Not at all (একেবারেই না),0 = Not at all (একেবারেই না),0 = Not at all (একেবারেই না),0 = Not at all (একেবারেই না),0 = Not at all (একেবারেই না),0 = Not at all (একেবারেই না),4 = Somewhat Agree ✅
9/28/2026 20:10:58,"হ্যাঁ, আমি সম্মতি দিচ্ছি (Yes, I consent)",Male (পুরুষ),23 – 25 years,Private University (বেসরকারি বিশ্ববিদ্যালয়),Engineering / CSE / IT,Below 3.00,Final year / Graduating within 1–2 semesters (শেষ বর্ষে আছি),"৳60,000 – ৳1,00,000",3,Not started yet (এখনো শুরু করিনি),0 – 2,0 – 5 hours,Rarely (কদাচিৎ),3 – 4 platforms,0 – 5,Less than 25%,None (০টি),3,3,3,3,3,4 – 6 hours,4,4,4,4,4,4,4,4,4,4,1,5,1 = Several days (কয়েকদিন),2 = More than half the days (অর্ধেকেরও বেশি দিন),1 = Several days (কয়েকদিন),2 = More than half the days (অর্ধেকেরও বেশি দিন),1 = Several days (কয়েকদিন),2 = More than half the days (অর্ধেকেরও বেশি দিন),1 = Several days (কয়েকদিন),2 = More than half the days (অর্ধেকেরও বেশি দিন),1 = Several days (কয়েকদিন),3 = Nearly every day (প্রায় প্রতিদিনই),2 = More than half the days (অর্ধেকেরও বেশি দিন),2 = More than half the days (অর্ধেকেরও বেশি দিন),2 = More than half the days (অর্ধেকেরও বেশি দিন),2 = More than half the days (অর্ধেকেরও বেশি দিন),2 = More than half the days (অর্ধেকেরও বেশি দিন),2 = More than half the days (অর্ধেকেরও বেশি দিন),4 = Somewhat Agree ✅
9/28/2026 20:18:09,"হ্যাঁ, আমি সম্মতি দিচ্ছি (Yes, I consent)",Female (নারী),23 – 25 years,Private University (বেসরকারি বিশ্ববিদ্যালয়),Engineering / CSE / IT,3.00 – 3.49,Final year / Graduating within 1–2 semesters (শেষ বর্ষে আছি),"Above ৳1,00,000",3,Not started yet (এখনো শুরু করিনি),0 – 2,0 – 5 hours,Sometimes (মাঝে মাঝে),1 – 2 platforms,0 – 5,25% – 50%,None (০টি),3,4,1,1,5,More than 8 hours,7,7,7,4,7,7,7,1,7,7,4,6,3 = Nearly every day (প্রায় প্রতিদিনই),3 = Nearly every day (প্রায় প্রতিদিনই),2 = More than half the days (অর্ধেকেরও বেশি দিন),1 = Several days (কয়েকদিন),1 = Several days (কয়েকদিন),2 = More than half the days (অর্ধেকেরও বেশি দিন),3 = Nearly every day (প্রায় প্রতিদিনই),2 = More than half the days (অর্ধেকেরও বেশি দিন),1 = Several days (কয়েকদিন),1 = Several days (কয়েকদিন),2 = More than half the days (অর্ধেকেরও বেশি দিন),2 = More than half the days (অর্ধেকেরও বেশি দিন),1 = Several days (কয়েকদিন),1 = Several days (কয়েকদিন),1 = Several days (কয়েকদিন),1 = Several days (কয়েকদিন),4 = Somewhat Agree ✅
9/28/2026 20:22:27,"হ্যাঁ, আমি সম্মতি দিচ্ছি (Yes, I consent)",Male (পুরুষ),23 – 25 years,Private University (বেসরকারি বিশ্ববিদ্যালয়),Engineering / CSE / IT,3.00 – 3.49,Graduated within the last 6 months (গত ৬ মাসের মধ্যে শেষ হয়েছে),"৳60,000 – ৳1,00,000",3,3 – 6 months,3 – 5,0 – 5 hours,Sometimes (মাঝে মাঝে),1 – 2 platforms,0 – 5,25% – 50%,3 – 5,5,4,3,4,4,Less than 4 hours,7,7,7,7,7,7,7,7,7,7,7,7,2 = More than half the days (অর্ধেকেরও বেশি দিন),3 = Nearly every day (প্রায় প্রতিদিনই),2 = More than half the days (অর্ধেকেরও বেশি দিন),2 = More than half the days (অর্ধেকেরও বেশি দিন),2 = More than half the days (অর্ধেকেরও বেশি দিন),2 = More than half the days (অর্ধেকেরও বেশি দিন),2 = More than half the days (অর্ধেকেরও বেশি দিন),1 = Several days (কয়েকদিন),3 = Nearly every day (প্রায় প্রতিদিনই),3 = Nearly every day (প্রায় প্রতিদিনই),2 = More than half the days (অর্ধেকেরও বেশি দিন),3 = Nearly every day (প্রায় প্রতিদিনই),3 = Nearly every day (প্রায় প্রতিদিনই),3 = Nearly every day (প্রায় প্রতিদিনই),2 = More than half the days (অর্ধেকেরও বেশি দিন),1 = Several days (কয়েকদিন),5 = Strongly Agree
9/28/2026 20:30:13,"হ্যাঁ, আমি সম্মতি দিচ্ছি (Yes, I consent)",Male (পুরুষ),23 – 25 years,Private University (বেসরকারি বিশ্ববিদ্যালয়),Engineering / CSE / IT,Below 3.00,Final year / Graduating within 1–2 semesters (শেষ বর্ষে আছি),"Above ৳1,00,000",1,Not started yet (এখনো শুরু করিনি),0 – 2,0 – 5 hours,Never (কখনোই না),1 – 2 platforms,0 – 5,Less than 25%,None (০টি),1,1,1,1,1,More than 8 hours,5,5,7,7,7,3,2,5,3,7,7,2,3 = Nearly every day (প্রায় প্রতিদিনই),3 = Nearly every day (প্রায় প্রতিদিনই),3 = Nearly every day (প্রায় প্রতিদিনই),3 = Nearly every day (প্রায় প্রতিদিনই),3 = Nearly every day (প্রায় প্রতিদিনই),0 = Not at all (একেবারেই না),3 = Nearly every day (প্রায় প্রতিদিনই),0 = Not at all (একেবারেই না),3 = Nearly every day (প্রায় প্রতিদিনই),3 = Nearly every day (প্রায় প্রতিদিনই),3 = Nearly every day (প্রায় প্রতিদিনই),3 = Nearly every day (প্রায় প্রতিদিনই),3 = Nearly every day (প্রায় প্রতিদিনই),3 = Nearly every day (প্রায় প্রতিদিনই),3 = Nearly every day (প্রায় প্রতিদিনই),3 = Nearly every day (প্রায় প্রতিদিনই),4 = Somewhat Agree ✅
9/28/2026 20:48:32,"হ্যাঁ, আমি সম্মতি দিচ্ছি (Yes, I consent)",Male (পুরুষ),23 – 25 years,Private University (বেসরকারি বিশ্ববিদ্যালয়),Engineering / CSE / IT,3.00 – 3.49,Final year / Graduating within 1–2 semesters (শেষ বর্ষে আছি),"Below ৳30,000",5,Not started yet (এখনো শুরু করিনি),0 – 2,0 – 5 hours,Never (কখনোই না),1 – 2 platforms,0 – 5,Less than 25%,None (০টি),2,2,5,5,5,More than 8 hours,1,1,2,2,2,4,2,1,3,2,1,3,1 = Several days (কয়েকদিন),1 = Several days (কয়েকদিন),3 = Nearly every day (প্রায় প্রতিদিনই),3 = Nearly every day (প্রায় প্রতিদিনই),1 = Several days (কয়েকদিন),3 = Nearly every day (প্রায় প্রতিদিনই),1 = Several days (কয়েকদিন),3 = Nearly every day (প্রায় প্রতিদিনই),0 = Not at all (একেবারেই না),2 = More than half the days (অর্ধেকেরও বেশি দিন),2 = More than half the days (অর্ধেকেরও বেশি দিন),3 = Nearly every day (প্রায় প্রতিদিনই),1 = Several days (কয়েকদিন),2 = More than half the days (অর্ধেকেরও বেশি দিন),1 = Several days (কয়েকদিন),1 = Several days (কয়েকদিন),4 = Somewhat Agree ✅
9/28/2026 20:49:19,"হ্যাঁ, আমি সম্মতি দিচ্ছি (Yes, I consent)",Male (পুরুষ),23 – 25 years,Private University (বেসরকারি বিশ্ববিদ্যালয়),Engineering / CSE / IT,3.80 – 4.00,Final year / Graduating within 1–2 semesters (শেষ বর্ষে আছি),"Below ৳30,000",1,Less than 3 months,6 – 10,0 – 5 hours,Almost Daily (প্রতিদিনই প্রায়),5 or more platforms,0 – 5,Less than 25%,1 – 2,5,1,2,1,4,4 – 6 hours,7,7,4,6,4,5,5,5,5,5,5,5,1 = Several days (কয়েকদিন),1 = Several days (কয়েকদিন),0 = Not at all (একেবারেই না),0 = Not at all (একেবারেই না),1 = Several days (কয়েকদিন),1 = Several days (কয়েকদিন),1 = Several days (কয়েকদিন),1 = Several days (কয়েকদিন),1 = Several days (কয়েকদিন),1 = Several days (কয়েকদিন),1 = Several days (কয়েকদিন),1 = Several days (কয়েকদিন),1 = Several days (কয়েকদিন),1 = Several days (কয়েকদিন),1 = Several days (কয়েকদিন),1 = Several days (কয়েকদিন),2 = Disagree
9/28/2026 21:00:04,"হ্যাঁ, আমি সম্মতি দিচ্ছি (Yes, I consent)",Male (পুরুষ),23 – 25 years,Private University (বেসরকারি বিশ্ববিদ্যালয়),Business Administration (BBA/MBA),3.00 – 3.49,Graduated within the last 6 months (গত ৬ মাসের মধ্যে শেষ হয়েছে),"৳30,000 – ৳60,000",3,3 – 6 months,11 – 20,6 – 10 hours,Almost Daily (প্রতিদিনই প্রায়),3 – 4 platforms,0 – 5,Less than 25%,More than 5,5,3,4,5,5,6 – 8 hours,1,1,3,3,1,6,6,1,6,2,3,5,2 = More than half the days (অর্ধেকেরও বেশি দিন),1 = Several days (কয়েকদিন),1 = Several days (কয়েকদিন),0 = Not at all (একেবারেই না),1 = Several days (কয়েকদিন),1 = Several days (কয়েকদিন),1 = Several days (কয়েকদিন),1 = Several days (কয়েকদিন),1 = Several days (কয়েকদিন),1 = Several days (কয়েকদিন),0 = Not at all (একেবারেই না),0 = Not at all (একেবারেই না),1 = Several days (কয়েকদিন),1 = Several days (কয়েকদিন),1 = Several days (কয়েকদিন),1 = Several days (কয়েকদিন),4 = Somewhat Agree ✅
9/28/2026 21:12:00,"হ্যাঁ, আমি সম্মতি দিচ্ছি (Yes, I consent)",Male (পুরুষ),23 – 25 years,Private University (বেসরকারি বিশ্ববিদ্যালয়),Engineering / CSE / IT,3.00 – 3.49,Graduated within the last 6 months (গত ৬ মাসের মধ্যে শেষ হয়েছে),"৳30,000 – ৳60,000",4,Less than 3 months,3 – 5,11 – 20 hours,Never (কখনোই না),3 – 4 platforms,0 – 5,25% – 50%,3 – 5,5,5,5,5,5,Less than 4 hours,7,7,7,7,7,7,7,7,7,7,7,7,1 = Several days (কয়েকদিন),1 = Several days (কয়েকদিন),1 = Several days (কয়েকদিন),0 = Not at all (একেবারেই না),0 = Not at all (একেবারেই না),0 = Not at all (একেবারেই না),1 = Several days (কয়েকদিন),0 = Not at all (একেবারেই না),0 = Not at all (একেবারেই না),0 = Not at all (একেবারেই না),0 = Not at all (একেবারেই না),0 = Not at all (একেবারেই না),0 = Not at all (একেবারেই না),0 = Not at all (একেবারেই না),1 = Several days (কয়েকদিন),0 = Not at all (একেবারেই না),4 = Somewhat Agree ✅
9/28/2026 21:15:42,"হ্যাঁ, আমি সম্মতি দিচ্ছি (Yes, I consent)",Male (পুরুষ),23 – 25 years,Private University (বেসরকারি বিশ্ববিদ্যালয়),Engineering / CSE / IT,3.50 – 3.79,Final year / Graduating within 1–2 semesters (শেষ বর্ষে আছি),"Below ৳30,000",3,3 – 6 months,3 – 5,0 – 5 hours,Rarely (কদাচিৎ),3 – 4 platforms,6 – 15,Less than 25%,3 – 5,5,1,2,3,1,6 – 8 hours,3,3,7,7,1,5,5,6,6,5,5,5,1 = Several days (কয়েকদিন),0 = Not at all (একেবারেই না),1 = Several days (কয়েকদিন),0 = Not at all (একেবারেই না),0 = Not at all (একেবারেই না),0 = Not at all (একেবারেই না),1 = Several days (কয়েকদিন),0 = Not at all (একেবারেই না),0 = Not at all (একেবারেই না),0 = Not at all (একেবারেই না),0 = Not at all (একেবারেই না),0 = Not at all (একেবারেই না),0 = Not at all (একেবারেই না),0 = Not at all (একেবারেই না),0 = Not at all (একেবারেই না),0 = Not at all (একেবারেই না),4 = Somewhat Agree ✅
9/28/2026 21:28:55,"হ্যাঁ, আমি সম্মতি দিচ্ছি (Yes, I consent)",Female (নারী),20 – 22 years,Private University (বেসরকারি বিশ্ববিদ্যালয়),Engineering / CSE / IT,3.50 – 3.79,Final year / Graduating within 1–2 semesters (শেষ বর্ষে আছি),"৳30,000 – ৳60,000",3,Not started yet (এখনো শুরু করিনি),0 – 2,0 – 5 hours,Sometimes (মাঝে মাঝে),3 – 4 platforms,0 – 5,Less than 25%,None (০টি),5,5,5,3,4,4 – 6 hours,7,7,7,7,7,7,7,7,7,7,7,7,1 = Several days (কয়েকদিন),3 = Nearly every day (প্রায় প্রতিদিনই),1 = Several days (কয়েকদিন),1 = Several days (কয়েকদিন),3 = Nearly every day (প্রায় প্রতিদিনই),3 = Nearly every day (প্রায় প্রতিদিনই),3 = Nearly every day (প্রায় প্রতিদিনই),0 = Not at all (একেবারেই না),3 = Nearly every day (প্রায় প্রতিদিনই),3 = Nearly every day (প্রায় প্রতিদিনই),1 = Several days (কয়েকদিন),2 = More than half the days (অর্ধেকেরও বেশি দিন),2 = More than half the days (অর্ধেকেরও বেশি দিন),0 = Not at all (একেবারেই না),1 = Several days (কয়েকদিন),1 = Several days (কয়েকদিন),4 = Somewhat Agree ✅
9/28/2026 21:49:02,"হ্যাঁ, আমি সম্মতি দিচ্ছি (Yes, I consent)",Female (নারী),23 – 25 years,Public University (পাবলিক বিশ্ববিদ্যালয়),Business Administration (BBA/MBA),3.00 – 3.49,Final year / Graduating within 1–2 semesters (শেষ বর্ষে আছি),"Above ৳1,00,000",1,Not started yet (এখনো শুরু করিনি),0 – 2,0 – 5 hours,Sometimes (মাঝে মাঝে),1 – 2 platforms,0 – 5,Less than 25%,None (০টি),5,1,1,4,3,6 – 8 hours,7,7,7,7,7,7,7,7,7,6,6,7,1 = Several days (কয়েকদিন),1 = Several days (কয়েকদিন),1 = Several days (কয়েকদিন),1 = Several days (কয়েকদিন),1 = Several days (কয়েকদিন),2 = More than half the days (অর্ধেকেরও বেশি দিন),2 = More than half the days (অর্ধেকেরও বেশি দিন),1 = Several days (কয়েকদিন),1 = Several days (কয়েকদিন),1 = Several days (কয়েকদিন),1 = Several days (কয়েকদিন),1 = Several days (কয়েকদিন),1 = Several days (কয়েকদিন),1 = Several days (কয়েকদিন),1 = Several days (কয়েকদিন),1 = Several days (কয়েকদিন),4 = Somewhat Agree ✅
9/28/2026 21:58:25,"হ্যাঁ, আমি সম্মতি দিচ্ছি (Yes, I consent)",Male (পুরুষ),20 – 22 years,Private University (বেসরকারি বিশ্ববিদ্যালয়),Engineering / CSE / IT,3.80 – 4.00,Final year / Graduating within 1–2 semesters (শেষ বর্ষে আছি),"৳30,000 – ৳60,000",3,3 – 6 months,0 – 2,0 – 5 hours,Rarely (কদাচিৎ),3 – 4 platforms,0 – 5,51% – 75%,1 – 2,5,5,1,5,4,More than 8 hours,7,7,7,4,7,7,5,4,7,7,4,7,2 = More than half the days (অর্ধেকেরও বেশি দিন),2 = More than half the days (অর্ধেকেরও বেশি দিন),3 = Nearly every day (প্রায় প্রতিদিনই),3 = Nearly every day (প্রায় প্রতিদিনই),0 = Not at all (একেবারেই না),0 = Not at all (একেবারেই না),3 = Nearly every day (প্রায় প্রতিদিনই),0 = Not at all (একেবারেই না),0 = Not at all (একেবারেই না),1 = Several days (কয়েকদিন),1 = Several days (কয়েকদিন),1 = Several days (কয়েকদিন),1 = Several days (কয়েকদিন),1 = Several days (কয়েকদিন),1 = Several days (কয়েকদিন),1 = Several days (কয়েকদিন),4 = Somewhat Agree ✅
9/28/2026 22:41:02,"হ্যাঁ, আমি সম্মতি দিচ্ছি (Yes, I consent)",Male (পুরুষ),23 – 25 years,Public University (পাবলিক বিশ্ববিদ্যালয়),Engineering / CSE / IT,3.00 – 3.49,Final year / Graduating within 1–2 semesters (শেষ বর্ষে আছি),"Below ৳30,000",4,Not started yet (এখনো শুরু করিনি),0 – 2,0 – 5 hours,Never (কখনোই না),1 – 2 platforms,0 – 5,Less than 25%,None (০টি),2,4,2,5,3,More than 8 hours,2,3,7,7,1,4,4,4,2,2,6,7,1 = Several days (কয়েকদিন),1 = Several days (কয়েকদিন),2 = More than half the days (অর্ধেকেরও বেশি দিন),2 = More than half the days (অর্ধেকেরও বেশি দিন),1 = Several days (কয়েকদিন),0 = Not at all (একেবারেই না),3 = Nearly every day (প্রায় প্রতিদিনই),3 = Nearly every day (প্রায় প্রতিদিনই),0 = Not at all (একেবারেই না),0 = Not at all (একেবারেই না),2 = More than half the days (অর্ধেকেরও বেশি দিন),0 = Not at all (একেবারেই না),1 = Several days (কয়েকদিন),1 = Several days (কয়েকদিন),0 = Not at all (একেবারেই না),0 = Not at all (একেবারেই না),4 = Somewhat Agree ✅
9/28/2026 22:41:31,"হ্যাঁ, আমি সম্মতি দিচ্ছি (Yes, I consent)",Female (নারী),23 – 25 years,Private University (বেসরকারি বিশ্ববিদ্যালয়),Engineering / CSE / IT,3.00 – 3.49,Final year / Graduating within 1–2 semesters (শেষ বর্ষে আছি),"Below ৳30,000",3,3 – 6 months,3 – 5,0 – 5 hours,Never (কখনোই না),3 – 4 platforms,0 – 5,51% – 75%,None (০টি),3,4,4,2,3,Less than 4 hours,1,4,4,4,7,3,2,1,7,7,3,1,0 = Not at all (একেবারেই না),0 = Not at all (একেবারেই না),0 = Not at all (একেবারেই না),2 = More than half the days (অর্ধেকেরও বেশি দিন),1 = Several days (কয়েকদিন),2 = More than half the days (অর্ধেকেরও বেশি দিন),1 = Several days (কয়েকদিন),1 = Several days (কয়েকদিন),1 = Several days (কয়েকদিন),0 = Not at all (একেবারেই না),1 = Several days (কয়েকদিন),1 = Several days (কয়েকদিন),2 = More than half the days (অর্ধেকেরও বেশি দিন),0 = Not at all (একেবারেই না),1 = Several days (কয়েকদিন),1 = Several days (কয়েকদিন),1 = Strongly Disagree
9/28/2026 22:58:00,"হ্যাঁ, আমি সম্মতি দিচ্ছি (Yes, I consent)",Female (নারী),23 – 25 years,Private University (বেসরকারি বিশ্ববিদ্যালয়),Engineering / CSE / IT,3.00 – 3.49,Final year / Graduating within 1–2 semesters (শেষ বর্ষে আছি),"Above ৳1,00,000",2,Less than 3 months,3 – 5,0 – 5 hours,Sometimes (মাঝে মাঝে),3 – 4 platforms,0 – 5,Less than 25%,1 – 2,3,3,2,3,4,Less than 4 hours,1,1,2,2,1,1,1,4,1,1,6,1,0 = Not at all (একেবারেই না),0 = Not at all (একেবারেই না),0 = Not at all (একেবারেই না),0 = Not at all (একেবারেই না),0 = Not at all (একেবারেই না),2 = More than half the days (অর্ধেকেরও বেশি দিন),3 = Nearly every day (প্রায় প্রতিদিনই),3 = Nearly every day (প্রায় প্রতিদিনই),2 = More than half the days (অর্ধেকেরও বেশি দিন),2 = More than half the days (অর্ধেকেরও বেশি দিন),3 = Nearly every day (প্রায় প্রতিদিনই),3 = Nearly every day (প্রায় প্রতিদিনই),3 = Nearly every day (প্রায় প্রতিদিনই),3 = Nearly every day (প্রায় প্রতিদিনই),2 = More than half the days (অর্ধেকেরও বেশি দিন),3 = Nearly every day (প্রায় প্রতিদিনই),4 = Somewhat Agree ✅
9/29/2026 0:02:16,"হ্যাঁ, আমি সম্মতি দিচ্ছি (Yes, I consent)",Female (নারী),23 – 25 years,Private University (বেসরকারি বিশ্ববিদ্যালয়),Other,Below 3.00,Graduated within the last 6 months (গত ৬ মাসের মধ্যে শেষ হয়েছে),"৳60,000 – ৳1,00,000",3,Not started yet (এখনো শুরু করিনি),0 – 2,0 – 5 hours,Rarely (কদাচিৎ),1 – 2 platforms,0 – 5,Less than 25%,None (০টি),2,1,2,4,3,4 – 6 hours,1,1,3,5,1,1,1,5,1,1,5,1,1 = Several days (কয়েকদিন),1 = Several days (কয়েকদিন),1 = Several days (কয়েকদিন),1 = Several days (কয়েকদিন),1 = Several days (কয়েকদিন),2 = More than half the days (অর্ধেকেরও বেশি দিন),2 = More than half the days (অর্ধেকেরও বেশি দিন),2 = More than half the days (অর্ধেকেরও বেশি দিন),0 = Not at all (একেবারেই না),1 = Several days (কয়েকদিন),1 = Several days (কয়েকদিন),1 = Several days (কয়েকদিন),1 = Several days (কয়েকদিন),1 = Several days (কয়েকদিন),0 = Not at all (একেবারেই না),1 = Several days (কয়েকদিন),4 = Somewhat Agree ✅
9/29/2026 0:56:26,"হ্যাঁ, আমি সম্মতি দিচ্ছি (Yes, I consent)",Male (পুরুষ),23 – 25 years,Private University (বেসরকারি বিশ্ববিদ্যালয়),Engineering / CSE / IT,3.00 – 3.49,Final year / Graduating within 1–2 semesters (শেষ বর্ষে আছি),"৳30,000 – ৳60,000",2,Not started yet (এখনো শুরু করিনি),0 – 2,0 – 5 hours,Never (কখনোই না),1 – 2 platforms,0 – 5,Less than 25%,More than 5,5,1,1,1,1,4 – 6 hours,1,1,7,7,7,7,7,7,7,7,7,6,0 = Not at all (একেবারেই না),0 = Not at all (একেবারেই না),0 = Not at all (একেবারেই না),0 = Not at all (একেবারেই না),1 = Several days (কয়েকদিন),0 = Not at all (একেবারেই না),3 = Nearly every day (প্রায় প্রতিদিনই),0 = Not at all (একেবারেই না),0 = Not at all (একেবারেই না),0 = Not at all (একেবারেই না),1 = Several days (কয়েকদিন),1 = Several days (কয়েকদিন),0 = Not at all (একেবারেই না),3 = Nearly every day (প্রায় প্রতিদিনই),1 = Several days (কয়েকদিন),1 = Several days (কয়েকদিন),4 = Somewhat Agree ✅
9/29/2026 18:07:26,"হ্যাঁ, আমি সম্মতি দিচ্ছি (Yes, I consent)",Male (পুরুষ),23 – 25 years,Private University (বেসরকারি বিশ্ববিদ্যালয়),Engineering / CSE / IT,3.00 – 3.49,Final year / Graduating within 1–2 semesters (শেষ বর্ষে আছি),"৳30,000 – ৳60,000",4,3 – 6 months,0 – 2,0 – 5 hours,Sometimes (মাঝে মাঝে),3 – 4 platforms,6 – 15,25% – 50%,3 – 5,4,3,4,3,4,6 – 8 hours,5,5,5,4,5,5,6,5,5,5,5,5,2 = More than half the days (অর্ধেকেরও বেশি দিন),2 = More than half the days (অর্ধেকেরও বেশি দিন),1 = Several days (কয়েকদিন),2 = More than half the days (অর্ধেকেরও বেশি দিন),0 = Not at all (একেবারেই না),0 = Not at all (একেবারেই না),1 = Several days (কয়েকদিন),1 = Several days (কয়েকদিন),2 = More than half the days (অর্ধেকেরও বেশি দিন),2 = More than half the days (অর্ধেকেরও বেশি দিন),1 = Several days (কয়েকদিন),1 = Several days (কয়েকদিন),2 = More than half the days (অর্ধেকেরও বেশি দিন),2 = More than half the days (অর্ধেকেরও বেশি দিন),2 = More than half the days (অর্ধেকেরও বেশি দিন),2 = More than half the days (অর্ধেকেরও বেশি দিন),4 = Somewhat Agree ✅
9/29/2026 18:10:37,"হ্যাঁ, আমি সম্মতি দিচ্ছি (Yes, I consent)",Male (পুরুষ),23 – 25 years,Private University (বেসরকারি বিশ্ববিদ্যালয়),Engineering / CSE / IT,3.80 – 4.00,Final year / Graduating within 1–2 semesters (শেষ বর্ষে আছি),"Above ৳1,00,000",1,Not started yet (এখনো শুরু করিনি),0 – 2,6 – 10 hours,Rarely (কদাচিৎ),1 – 2 platforms,6 – 15,51% – 75%,More than 5,3,2,2,4,2,6 – 8 hours,1,2,3,1,7,5,6,4,2,7,5,4,3 = Nearly every day (প্রায় প্রতিদিনই),3 = Nearly every day (প্রায় প্রতিদিনই),2 = More than half the days (অর্ধেকেরও বেশি দিন),3 = Nearly every day (প্রায় প্রতিদিনই),3 = Nearly every day (প্রায় প্রতিদিনই),2 = More than half the days (অর্ধেকেরও বেশি দিন),1 = Several days (কয়েকদিন),2 = More than half the days (অর্ধেকেরও বেশি দিন),2 = More than half the days (অর্ধেকেরও বেশি দিন),3 = Nearly every day (প্রায় প্রতিদিনই),2 = More than half the days (অর্ধেকেরও বেশি দিন),3 = Nearly every day (প্রায় প্রতিদিনই),2 = More than half the days (অর্ধেকেরও বেশি দিন),2 = More than half the days (অর্ধেকেরও বেশি দিন),2 = More than half the days (অর্ধেকেরও বেশি দিন),0 = Not at all (একেবারেই না),4 = Somewhat Agree ✅
9/29/2026 18:23:26,"হ্যাঁ, আমি সম্মতি দিচ্ছি (Yes, I consent)",Male (পুরুষ),23 – 25 years,Private University (বেসরকারি বিশ্ববিদ্যালয়),Engineering / CSE / IT,Below 3.00,Final year / Graduating within 1–2 semesters (শেষ বর্ষে আছি),"৳30,000 – ৳60,000",3,3 – 6 months,0 – 2,0 – 5 hours,Sometimes (মাঝে মাঝে),3 – 4 platforms,0 – 5,51% – 75%,None (০টি),3,3,3,3,5,4 – 6 hours,4,3,7,7,7,6,1,6,6,6,6,6,1 = Several days (কয়েকদিন),1 = Several days (কয়েকদিন),1 = Several days (কয়েকদিন),1 = Several days (কয়েকদিন),1 = Several days (কয়েকদিন),2 = More than half the days (অর্ধেকেরও বেশি দিন),2 = More than half the days (অর্ধেকেরও বেশি দিন),2 = More than half the days (অর্ধেকেরও বেশি দিন),2 = More than half the days (অর্ধেকেরও বেশি দিন),2 = More than half the days (অর্ধেকেরও বেশি দিন),2 = More than half the days (অর্ধেকেরও বেশি দিন),2 = More than half the days (অর্ধেকেরও বেশি দিন),1 = Several days (কয়েকদিন),1 = Several days (কয়েকদিন),1 = Several days (কয়েকদিন),1 = Several days (কয়েকদিন),4 = Somewhat Agree ✅
9/29/2026 19:49:37,"হ্যাঁ, আমি সম্মতি দিচ্ছি (Yes, I consent)",Female (নারী),23 – 25 years,Private University (বেসরকারি বিশ্ববিদ্যালয়),Engineering / CSE / IT,3.50 – 3.79,Final year / Graduating within 1–2 semesters (শেষ বর্ষে আছি),"৳30,000 – ৳60,000",5,More than 1 year,0 – 2,0 – 5 hours,Often (প্রায়ই),1 – 2 platforms,0 – 5,Less than 25%,More than 5,3,3,3,3,3,Less than 4 hours,7,7,7,7,7,6,6,6,6,6,6,6,2 = More than half the days (অর্ধেকেরও বেশি দিন),2 = More than half the days (অর্ধেকেরও বেশি দিন),2 = More than half the days (অর্ধেকেরও বেশি দিন),2 = More than half the days (অর্ধেকেরও বেশি দিন),2 = More than half the days (অর্ধেকেরও বেশি দিন),2 = More than half the days (অর্ধেকেরও বেশি দিন),2 = More than half the days (অর্ধেকেরও বেশি দিন),2 = More than half the days (অর্ধেকেরও বেশি দিন),2 = More than half the days (অর্ধেকেরও বেশি দিন),2 = More than half the days (অর্ধেকেরও বেশি দিন),2 = More than half the days (অর্ধেকেরও বেশি দিন),2 = More than half the days (অর্ধেকেরও বেশি দিন),2 = More than half the days (অর্ধেকেরও বেশি দিন),2 = More than half the days (অর্ধেকেরও বেশি দিন),2 = More than half the days (অর্ধেকেরও বেশি দিন),1 = Several days (কয়েকদিন),4 = Somewhat Agree ✅
9/29/2026 19:59:47,"হ্যাঁ, আমি সম্মতি দিচ্ছি (Yes, I consent)",Female (নারী),23 – 25 years,Public University (পাবলিক বিশ্ববিদ্যালয়),Engineering / CSE / IT,3.00 – 3.49,Final year / Graduating within 1–2 semesters (শেষ বর্ষে আছি),"৳30,000 – ৳60,000",4,Not started yet (এখনো শুরু করিনি),0 – 2,0 – 5 hours,Sometimes (মাঝে মাঝে),1 – 2 platforms,0 – 5,Less than 25%,None (০টি),1,3,4,3,3,4 – 6 hours,2,1,7,7,1,4,4,4,4,6,5,4,1 = Several days (কয়েকদিন),1 = Several days (কয়েকদিন),0 = Not at all (একেবারেই না),0 = Not at all (একেবারেই না),0 = Not at all (একেবারেই না),0 = Not at all (একেবারেই না),0 = Not at all (একেবারেই না),0 = Not at all (একেবারেই না),0 = Not at all (একেবারেই না),0 = Not at all (একেবারেই না),1 = Several days (কয়েকদিন),1 = Several days (কয়েকদিন),1 = Several days (কয়েকদিন),1 = Several days (কয়েকদিন),1 = Several days (কয়েকদিন),0 = Not at all (একেবারেই না),4 = Somewhat Agree ✅
9/29/2026 20:06:01,"হ্যাঁ, আমি সম্মতি দিচ্ছি (Yes, I consent)",Female (নারী),20 – 22 years,Private University (বেসরকারি বিশ্ববিদ্যালয়),Engineering / CSE / IT,3.00 – 3.49,Final year / Graduating within 1–2 semesters (শেষ বর্ষে আছি),"৳60,000 – ৳1,00,000",1,Not started yet (এখনো শুরু করিনি),0 – 2,0 – 5 hours,Never (কখনোই না),1 – 2 platforms,0 – 5,Less than 25%,None (০টি),1,1,1,1,1,6 – 8 hours,7,7,7,7,7,7,7,7,7,7,7,7,1 = Several days (কয়েকদিন),3 = Nearly every day (প্রায় প্রতিদিনই),3 = Nearly every day (প্রায় প্রতিদিনই),2 = More than half the days (অর্ধেকেরও বেশি দিন),1 = Several days (কয়েকদিন),3 = Nearly every day (প্রায় প্রতিদিনই),3 = Nearly every day (প্রায় প্রতিদিনই),1 = Several days (কয়েকদিন),2 = More than half the days (অর্ধেকেরও বেশি দিন),3 = Nearly every day (প্রায় প্রতিদিনই),3 = Nearly every day (প্রায় প্রতিদিনই),3 = Nearly every day (প্রায় প্রতিদিনই),3 = Nearly every day (প্রায় প্রতিদিনই),1 = Several days (কয়েকদিন),3 = Nearly every day (প্রায় প্রতিদিনই),3 = Nearly every day (প্রায় প্রতিদিনই),4 = Somewhat Agree ✅
9/29/2026 20:10:52,"হ্যাঁ, আমি সম্মতি দিচ্ছি (Yes, I consent)",Female (নারী),23 – 25 years,Private University (বেসরকারি বিশ্ববিদ্যালয়),Natural & Applied Sciences,3.50 – 3.79,Final year / Graduating within 1–2 semesters (শেষ বর্ষে আছি),"৳30,000 – ৳60,000",3,Not started yet (এখনো শুরু করিনি),0 – 2,0 – 5 hours,Never (কখনোই না),1 – 2 platforms,0 – 5,Less than 25%,None (০টি),3,5,4,3,3,4 – 6 hours,7,7,7,7,7,5,6,6,7,7,7,4,2 = More than half the days (অর্ধেকেরও বেশি দিন),1 = Several days (কয়েকদিন),1 = Several days (কয়েকদিন),2 = More than half the days (অর্ধেকেরও বেশি দিন),2 = More than half the days (অর্ধেকেরও বেশি দিন),1 = Several days (কয়েকদিন),1 = Several days (কয়েকদিন),0 = Not at all (একেবারেই না),0 = Not at all (একেবারেই না),1 = Several days (কয়েকদিন),1 = Several days (কয়েকদিন),1 = Several days (কয়েকদিন),1 = Several days (কয়েকদিন),0 = Not at all (একেবারেই না),2 = More than half the days (অর্ধেকেরও বেশি দিন),1 = Several days (কয়েকদিন),4 = Somewhat Agree ✅
9/29/2026 20:13:21,"হ্যাঁ, আমি সম্মতি দিচ্ছি (Yes, I consent)",Female (নারী),23 – 25 years,Private University (বেসরকারি বিশ্ববিদ্যালয়),Engineering / CSE / IT,3.50 – 3.79,Final year / Graduating within 1–2 semesters (শেষ বর্ষে আছি),"Below ৳30,000",5,Less than 3 months,6 – 10,0 – 5 hours,Rarely (কদাচিৎ),3 – 4 platforms,0 – 5,25% – 50%,None (০টি),4,2,5,4,4,6 – 8 hours,1,1,6,7,1,3,2,3,2,1,3,3,1 = Several days (কয়েকদিন),1 = Several days (কয়েকদিন),0 = Not at all (একেবারেই না),0 = Not at all (একেবারেই না),0 = Not at all (একেবারেই না),0 = Not at all (একেবারেই না),1 = Several days (কয়েকদিন),1 = Several days (কয়েকদিন),0 = Not at all (একেবারেই না),0 = Not at all (একেবারেই না),0 = Not at all (একেবারেই না),0 = Not at all (একেবারেই না),0 = Not at all (একেবারেই না),0 = Not at all (একেবারেই না),0 = Not at all (একেবারেই না),0 = Not at all (একেবারেই না),5 = Strongly Agree
9/29/2026 20:57:09,"হ্যাঁ, আমি সম্মতি দিচ্ছি (Yes, I consent)",Male (পুরুষ),20 – 22 years,Private University (বেসরকারি বিশ্ববিদ্যালয়),Engineering / CSE / IT,Below 3.00,Final year / Graduating within 1–2 semesters (শেষ বর্ষে আছি),"৳30,000 – ৳60,000",5,3 – 6 months,0 – 2,0 – 5 hours,Never (কখনোই না),1 – 2 platforms,0 – 5,Less than 25%,None (০টি),1,5,5,5,5,6 – 8 hours,4,1,3,1,1,3,2,1,3,1,1,1,3 = Nearly every day (প্রায় প্রতিদিনই),3 = Nearly every day (প্রায় প্রতিদিনই),3 = Nearly every day (প্রায় প্রতিদিনই),3 = Nearly every day (প্রায় প্রতিদিনই),3 = Nearly every day (প্রায় প্রতিদিনই),3 = Nearly every day (প্রায় প্রতিদিনই),3 = Nearly every day (প্রায় প্রতিদিনই),3 = Nearly every day (প্রায় প্রতিদিনই),3 = Nearly every day (প্রায় প্রতিদিনই),3 = Nearly every day (প্রায় প্রতিদিনই),3 = Nearly every day (প্রায় প্রতিদিনই),3 = Nearly every day (প্রায় প্রতিদিনই),3 = Nearly every day (প্রায় প্রতিদিনই),3 = Nearly every day (প্রায় প্রতিদিনই),3 = Nearly every day (প্রায় প্রতিদিনই),3 = Nearly every day (প্রায় প্রতিদিনই),5 = Strongly Agree
9/29/2026 21:21:31,"হ্যাঁ, আমি সম্মতি দিচ্ছি (Yes, I consent)",Female (নারী),23 – 25 years,Private University (বেসরকারি বিশ্ববিদ্যালয়),Engineering / CSE / IT,3.00 – 3.49,Final year / Graduating within 1–2 semesters (শেষ বর্ষে আছি),"৳60,000 – ৳1,00,000",4,6 – 12 months,0 – 2,0 – 5 hours,Rarely (কদাচিৎ),3 – 4 platforms,0 – 5,Less than 25%,None (০টি),4,3,3,3,3,4 – 6 hours,7,7,6,6,7,7,7,6,7,7,7,7,1 = Several days (কয়েকদিন),0 = Not at all (একেবারেই না),1 = Several days (কয়েকদিন),1 = Several days (কয়েকদিন),1 = Several days (কয়েকদিন),1 = Several days (কয়েকদিন),1 = Several days (কয়েকদিন),1 = Several days (কয়েকদিন),0 = Not at all (একেবারেই না),1 = Several days (কয়েকদিন),1 = Several days (কয়েকদিন),1 = Several days (কয়েকদিন),1 = Several days (কয়েকদিন),1 = Several days (কয়েকদিন),1 = Several days (কয়েকদিন),0 = Not at all (একেবারেই না),4 = Somewhat Agree ✅
9/29/2026 23:00:16,"হ্যাঁ, আমি সম্মতি দিচ্ছি (Yes, I consent)",Female (নারী),23 – 25 years,Private University (বেসরকারি বিশ্ববিদ্যালয়),"Arts, Humanities & Social Sciences",3.80 – 4.00,Final year / Graduating within 1–2 semesters (শেষ বর্ষে আছি),"Above ৳1,00,000",2,Less than 3 months,0 – 2,0 – 5 hours,Never (কখনোই না),3 – 4 platforms,0 – 5,Less than 25%,More than 5,5,1,5,5,5,More than 8 hours,7,7,1,1,7,1,7,1,7,7,1,7,0 = Not at all (একেবারেই না),3 = Nearly every day (প্রায় প্রতিদিনই),3 = Nearly every day (প্রায় প্রতিদিনই),2 = More than half the days (অর্ধেকেরও বেশি দিন),0 = Not at all (একেবারেই না),0 = Not at all (একেবারেই না),2 = More than half the days (অর্ধেকেরও বেশি দিন),3 = Nearly every day (প্রায় প্রতিদিনই),3 = Nearly every day (প্রায় প্রতিদিনই),3 = Nearly every day (প্রায় প্রতিদিনই),3 = Nearly every day (প্রায় প্রতিদিনই),3 = Nearly every day (প্রায় প্রতিদিনই),3 = Nearly every day (প্রায় প্রতিদিনই),3 = Nearly every day (প্রায় প্রতিদিনই),3 = Nearly every day (প্রায় প্রতিদিনই),3 = Nearly every day (প্রায় প্রতিদিনই),4 = Somewhat Agree ✅
9/29/2026 23:07:32,"হ্যাঁ, আমি সম্মতি দিচ্ছি (Yes, I consent)",Female (নারী),23 – 25 years,Public University (পাবলিক বিশ্ববিদ্যালয়),"Arts, Humanities & Social Sciences",3.50 – 3.79,Final year / Graduating within 1–2 semesters (শেষ বর্ষে আছি),"Below ৳30,000",5,Not started yet (এখনো শুরু করিনি),3 – 5,6 – 10 hours,Almost Daily (প্রতিদিনই প্রায়),3 – 4 platforms,0 – 5,25% – 50%,None (০টি),4,5,5,5,5,4 – 6 hours,4,3,2,2,3,2,2,2,1,3,2,2,2 = More than half the days (অর্ধেকেরও বেশি দিন),3 = Nearly every day (প্রায় প্রতিদিনই),2 = More than half the days (অর্ধেকেরও বেশি দিন),1 = Several days (কয়েকদিন),0 = Not at all (একেবারেই না),1 = Several days (কয়েকদিন),2 = More than half the days (অর্ধেকেরও বেশি দিন),3 = Nearly every day (প্রায় প্রতিদিনই),1 = Several days (কয়েকদিন),3 = Nearly every day (প্রায় প্রতিদিনই),3 = Nearly every day (প্রায় প্রতিদিনই),3 = Nearly every day (প্রায় প্রতিদিনই),3 = Nearly every day (প্রায় প্রতিদিনই),3 = Nearly every day (প্রায় প্রতিদিনই),3 = Nearly every day (প্রায় প্রতিদিনই),3 = Nearly every day (প্রায় প্রতিদিনই),4 = Somewhat Agree ✅
9/29/2026 23:07:43,"না, আমি অংশগ্রহণ করতে ইচ্ছুক নই (No, I decline)",,,,,,,,,,,,,,,,,,,,,,,,,,,,,,,,,,,,,,,,,,,,,,,,,,,
9/29/2026 23:10:09,"হ্যাঁ, আমি সম্মতি দিচ্ছি (Yes, I consent)",Male (পুরুষ),23 – 25 years,Private University (বেসরকারি বিশ্ববিদ্যালয়),Engineering / CSE / IT,3.80 – 4.00,Final year / Graduating within 1–2 semesters (শেষ বর্ষে আছি),"৳30,000 – ৳60,000",3,Not started yet (এখনো শুরু করিনি),0 – 2,0 – 5 hours,Rarely (কদাচিৎ),1 – 2 platforms,0 – 5,Less than 25%,None (০টি),5,4,3,5,5,More than 8 hours,5,4,3,5,4,4,5,4,3,3,3,4,2 = More than half the days (অর্ধেকেরও বেশি দিন),3 = Nearly every day (প্রায় প্রতিদিনই),3 = Nearly every day (প্রায় প্রতিদিনই),3 = Nearly every day (প্রায় প্রতিদিনই),3 = Nearly every day (প্রায় প্রতিদিনই),3 = Nearly every day (প্রায় প্রতিদিনই),3 = Nearly every day (প্রায় প্রতিদিনই),2 = More than half the days (অর্ধেকেরও বেশি দিন),2 = More than half the days (অর্ধেকেরও বেশি দিন),3 = Nearly every day (প্রায় প্রতিদিনই),3 = Nearly every day (প্রায় প্রতিদিনই),3 = Nearly every day (প্রায় প্রতিদিনই),3 = Nearly every day (প্রায় প্রতিদিনই),3 = Nearly every day (প্রায় প্রতিদিনই),2 = More than half the days (অর্ধেকেরও বেশি দিন),2 = More than half the days (অর্ধেকেরও বেশি দিন),5 = Strongly Agree
9/29/2026 23:13:25,"হ্যাঁ, আমি সম্মতি দিচ্ছি (Yes, I consent)",Male (পুরুষ),23 – 25 years,Private University (বেসরকারি বিশ্ববিদ্যালয়),Engineering / CSE / IT,3.80 – 4.00,Final year / Graduating within 1–2 semesters (শেষ বর্ষে আছি),"৳30,000 – ৳60,000",5,3 – 6 months,3 – 5,6 – 10 hours,Rarely (কদাচিৎ),1 – 2 platforms,0 – 5,51% – 75%,1 – 2,3,5,5,5,5,6 – 8 hours,1,1,1,1,1,2,3,1,2,1,1,2,3 = Nearly every day (প্রায় প্রতিদিনই),3 = Nearly every day (প্রায় প্রতিদিনই),3 = Nearly every day (প্রায় প্রতিদিনই),3 = Nearly every day (প্রায় প্রতিদিনই),3 = Nearly every day (প্রায় প্রতিদিনই),3 = Nearly every day (প্রায় প্রতিদিনই),3 = Nearly every day (প্রায় প্রতিদিনই),3 = Nearly every day (প্রায় প্রতিদিনই),3 = Nearly every day (প্রায় প্রতিদিনই),3 = Nearly every day (প্রায় প্রতিদিনই),3 = Nearly every day (প্রায় প্রতিদিনই),3 = Nearly every day (প্রায় প্রতিদিনই),3 = Nearly every day (প্রায় প্রতিদিনই),3 = Nearly every day (প্রায় প্রতিদিনই),3 = Nearly every day (প্রায় প্রতিদিনই),3 = Nearly every day (প্রায় প্রতিদিনই),5 = Strongly Agree
9/29/2026 23:15:49,"হ্যাঁ, আমি সম্মতি দিচ্ছি (Yes, I consent)",Male (পুরুষ),26 years or above,Private University (বেসরকারি বিশ্ববিদ্যালয়),Engineering / CSE / IT,Below 3.00,Final year / Graduating within 1–2 semesters (শেষ বর্ষে আছি),"৳30,000 – ৳60,000",2,Not started yet (এখনো শুরু করিনি),0 – 2,0 – 5 hours,Almost Daily (প্রতিদিনই প্রায়),3 – 4 platforms,0 – 5,Less than 25%,None (০টি),5,3,3,3,2,Less than 4 hours,3,2,3,5,3,4,4,3,3,2,3,5,2 = More than half the days (অর্ধেকেরও বেশি দিন),2 = More than half the days (অর্ধেকেরও বেশি দিন),2 = More than half the days (অর্ধেকেরও বেশি দিন),2 = More than half the days (অর্ধেকেরও বেশি দিন),2 = More than half the days (অর্ধেকেরও বেশি দিন),2 = More than half the days (অর্ধেকেরও বেশি দিন),2 = More than half the days (অর্ধেকেরও বেশি দিন),1 = Several days (কয়েকদিন),2 = More than half the days (অর্ধেকেরও বেশি দিন),2 = More than half the days (অর্ধেকেরও বেশি দিন),1 = Several days (কয়েকদিন),2 = More than half the days (অর্ধেকেরও বেশি দিন),2 = More than half the days (অর্ধেকেরও বেশি দিন),1 = Several days (কয়েকদিন),2 = More than half the days (অর্ধেকেরও বেশি দিন),2 = More than half the days (অর্ধেকেরও বেশি দিন),4 = Somewhat Agree ✅
9/29/2026 23:16:50,"হ্যাঁ, আমি সম্মতি দিচ্ছি (Yes, I consent)",Male (পুরুষ),23 – 25 years,Private University (বেসরকারি বিশ্ববিদ্যালয়),Engineering / CSE / IT,3.50 – 3.79,Final year / Graduating within 1–2 semesters (শেষ বর্ষে আছি),"Below ৳30,000",4,Not started yet (এখনো শুরু করিনি),0 – 2,0 – 5 hours,Never (কখনোই না),1 – 2 platforms,0 – 5,Less than 25%,None (০টি),4,3,3,4,4,6 – 8 hours,5,5,5,5,6,5,5,4,5,6,5,6,2 = More than half the days (অর্ধেকেরও বেশি দিন),2 = More than half the days (অর্ধেকেরও বেশি দিন),2 = More than half the days (অর্ধেকেরও বেশি দিন),2 = More than half the days (অর্ধেকেরও বেশি দিন),2 = More than half the days (অর্ধেকেরও বেশি দিন),1 = Several days (কয়েকদিন),3 = Nearly every day (প্রায় প্রতিদিনই),2 = More than half the days (অর্ধেকেরও বেশি দিন),1 = Several days (কয়েকদিন),1 = Several days (কয়েকদিন),2 = More than half the days (অর্ধেকেরও বেশি দিন),2 = More than half the days (অর্ধেকেরও বেশি দিন),3 = Nearly every day (প্রায় প্রতিদিনই),2 = More than half the days (অর্ধেকেরও বেশি দিন),2 = More than half the days (অর্ধেকেরও বেশি দিন),2 = More than half the days (অর্ধেকেরও বেশি দিন),4 = Somewhat Agree ✅
9/29/2026 23:28:10,"হ্যাঁ, আমি সম্মতি দিচ্ছি (Yes, I consent)",Male (পুরুষ),23 – 25 years,Private University (বেসরকারি বিশ্ববিদ্যালয়),Engineering / CSE / IT,3.00 – 3.49,Final year / Graduating within 1–2 semesters (শেষ বর্ষে আছি),"৳30,000 – ৳60,000",3,Less than 3 months,0 – 2,0 – 5 hours,Sometimes (মাঝে মাঝে),3 – 4 platforms,0 – 5,51% – 75%,None (০টি),5,4,5,5,5,4 – 6 hours,5,1,7,7,5,5,5,4,5,3,4,5,1 = Several days (কয়েকদিন),2 = More than half the days (অর্ধেকেরও বেশি দিন),1 = Several days (কয়েকদিন),1 = Several days (কয়েকদিন),1 = Several days (কয়েকদিন),3 = Nearly every day (প্রায় প্রতিদিনই),3 = Nearly every day (প্রায় প্রতিদিনই),3 = Nearly every day (প্রায় প্রতিদিনই),3 = Nearly every day (প্রায় প্রতিদিনই),3 = Nearly every day (প্রায় প্রতিদিনই),3 = Nearly every day (প্রায় প্রতিদিনই),1 = Several days (কয়েকদিন),2 = More than half the days (অর্ধেকেরও বেশি দিন),1 = Several days (কয়েকদিন),2 = More than half the days (অর্ধেকেরও বেশি দিন),2 = More than half the days (অর্ধেকেরও বেশি দিন),4 = Somewhat Agree ✅
9/29/2026 23:31:30,"হ্যাঁ, আমি সম্মতি দিচ্ছি (Yes, I consent)",Male (পুরুষ),23 – 25 years,Private University (বেসরকারি বিশ্ববিদ্যালয়),Engineering / CSE / IT,Below 3.00,Final year / Graduating within 1–2 semesters (শেষ বর্ষে আছি),"Below ৳30,000",1,Not started yet (এখনো শুরু করিনি),0 – 2,0 – 5 hours,Often (প্রায়ই),5 or more platforms,0 – 5,Less than 25%,None (০টি),5,5,5,5,3,4 – 6 hours,1,1,7,7,1,7,5,5,6,7,6,4,2 = More than half the days (অর্ধেকেরও বেশি দিন),1 = Several days (কয়েকদিন),3 = Nearly every day (প্রায় প্রতিদিনই),2 = More than half the days (অর্ধেকেরও বেশি দিন),2 = More than half the days (অর্ধেকেরও বেশি দিন),2 = More than half the days (অর্ধেকেরও বেশি দিন),1 = Several days (কয়েকদিন),2 = More than half the days (অর্ধেকেরও বেশি দিন),2 = More than half the days (অর্ধেকেরও বেশি দিন),2 = More than half the days (অর্ধেকেরও বেশি দিন),1 = Several days (কয়েকদিন),2 = More than half the days (অর্ধেকেরও বেশি দিন),2 = More than half the days (অর্ধেকেরও বেশি দিন),2 = More than half the days (অর্ধেকেরও বেশি দিন),1 = Several days (কয়েকদিন),0 = Not at all (একেবারেই না),4 = Somewhat Agree ✅
9/30/2026 1:28:03,"হ্যাঁ, আমি সম্মতি দিচ্ছি (Yes, I consent)",Male (পুরুষ),20 – 22 years,Private University (বেসরকারি বিশ্ববিদ্যালয়),Natural & Applied Sciences,3.00 – 3.49,Graduated 6–12 months ago (৬ থেকে ১২ মাস আগে শেষ হয়েছে),"৳60,000 – ৳1,00,000",4,Not started yet (এখনো শুরু করিনি),0 – 2,0 – 5 hours,Sometimes (মাঝে মাঝে),1 – 2 platforms,0 – 5,Less than 25%,None (০টি),4,3,3,3,3,Less than 4 hours,6,6,6,6,6,6,6,6,6,6,6,6,1 = Several days (কয়েকদিন),1 = Several days (কয়েকদিন),1 = Several days (কয়েকদিন),1 = Several days (কয়েকদিন),1 = Several days (কয়েকদিন),1 = Several days (কয়েকদিন),1 = Several days (কয়েকদিন),1 = Several days (কয়েকদিন),1 = Several days (কয়েকদিন),1 = Several days (কয়েকদিন),1 = Several days (কয়েকদিন),1 = Several days (কয়েকদিন),1 = Several days (কয়েকদিন),1 = Several days (কয়েকদিন),1 = Several days (কয়েকদিন),1 = Several days (কয়েকদিন),4 = Somewhat Agree ✅
9/30/2026 8:37:49,"হ্যাঁ, আমি সম্মতি দিচ্ছি (Yes, I consent)",Male (পুরুষ),23 – 25 years,Private University (বেসরকারি বিশ্ববিদ্যালয়),"Arts, Humanities & Social Sciences",3.00 – 3.49,Graduated 6–12 months ago (৬ থেকে ১২ মাস আগে শেষ হয়েছে),"Above ৳1,00,000",2,Less than 3 months,0 – 2,0 – 5 hours,Often (প্রায়ই),3 – 4 platforms,0 – 5,Less than 25%,More than 5,3,2,2,2,2,6 – 8 hours,5,1,5,5,1,4,3,4,5,1,4,4,1 = Several days (কয়েকদিন),1 = Several days (কয়েকদিন),3 = Nearly every day (প্রায় প্রতিদিনই),2 = More than half the days (অর্ধেকেরও বেশি দিন),1 = Several days (কয়েকদিন),0 = Not at all (একেবারেই না),2 = More than half the days (অর্ধেকেরও বেশি দিন),0 = Not at all (একেবারেই না),0 = Not at all (একেবারেই না),1 = Several days (কয়েকদিন),1 = Several days (কয়েকদিন),2 = More than half the days (অর্ধেকেরও বেশি দিন),1 = Several days (কয়েকদিন),0 = Not at all (একেবারেই না),1 = Several days (কয়েকদিন),2 = More than half the days (অর্ধেকেরও বেশি দিন),5 = Strongly Agree
9/30/2026 8:43:49,"হ্যাঁ, আমি সম্মতি দিচ্ছি (Yes, I consent)",Female (নারী),23 – 25 years,Private University (বেসরকারি বিশ্ববিদ্যালয়),"Arts, Humanities & Social Sciences",3.80 – 4.00,Final year / Graduating within 1–2 semesters (শেষ বর্ষে আছি),"৳60,000 – ৳1,00,000",4,3 – 6 months,3 – 5,0 – 5 hours,Rarely (কদাচিৎ),5 or more platforms,0 – 5,Less than 25%,More than 5,5,2,5,5,4,Less than 4 hours,2,3,3,4,7,6,4,3,3,6,3,3,1 = Several days (কয়েকদিন),0 = Not at all (একেবারেই না),1 = Several days (কয়েকদিন),2 = More than half the days (অর্ধেকেরও বেশি দিন),2 = More than half the days (অর্ধেকেরও বেশি দিন),0 = Not at all (একেবারেই না),1 = Several days (কয়েকদিন),1 = Several days (কয়েকদিন),0 = Not at all (একেবারেই না),1 = Several days (কয়েকদিন),3 = Nearly every day (প্রায় প্রতিদিনই),3 = Nearly every day (প্রায় প্রতিদিনই),1 = Several days (কয়েকদিন),1 = Several days (কয়েকদিন),2 = More than half the days (অর্ধেকেরও বেশি দিন),1 = Several days (কয়েকদিন),4 = Somewhat Agree ✅
9/30/2026 11:52:25,"হ্যাঁ, আমি সম্মতি দিচ্ছি (Yes, I consent)",Male (পুরুষ),23 – 25 years,Private University (বেসরকারি বিশ্ববিদ্যালয়),Engineering / CSE / IT,3.00 – 3.49,Final year / Graduating within 1–2 semesters (শেষ বর্ষে আছি),"৳60,000 – ৳1,00,000",3,More than 1 year,0 – 2,0 – 5 hours,Rarely (কদাচিৎ),1 – 2 platforms,6 – 15,Less than 25%,1 – 2,2,3,3,4,2,4 – 6 hours,4,5,4,6,5,2,3,4,6,4,4,4,3 = Nearly every day (প্রায় প্রতিদিনই),2 = More than half the days (অর্ধেকেরও বেশি দিন),1 = Several days (কয়েকদিন),2 = More than half the days (অর্ধেকেরও বেশি দিন),3 = Nearly every day (প্রায় প্রতিদিনই),2 = More than half the days (অর্ধেকেরও বেশি দিন),2 = More than half the days (অর্ধেকেরও বেশি দিন),2 = More than half the days (অর্ধেকেরও বেশি দিন),1 = Several days (কয়েকদিন),1 = Several days (কয়েকদিন),2 = More than half the days (অর্ধেকেরও বেশি দিন),2 = More than half the days (অর্ধেকেরও বেশি দিন),1 = Several days (কয়েকদিন),2 = More than half the days (অর্ধেকেরও বেশি দিন),2 = More than half the days (অর্ধেকেরও বেশি দিন),1 = Several days (কয়েকদিন),4 = Somewhat Agree ✅
9/30/2026 21:31:58,"হ্যাঁ, আমি সম্মতি দিচ্ছি (Yes, I consent)",Male (পুরুষ),23 – 25 years,Private University (বেসরকারি বিশ্ববিদ্যালয়),Engineering / CSE / IT,3.00 – 3.49,Final year / Graduating within 1–2 semesters (শেষ বর্ষে আছি),"Below ৳30,000",4,Less than 3 months,0 – 2,0 – 5 hours,Sometimes (মাঝে মাঝে),5 or more platforms,0 – 5,More than 75%,None (০টি),5,5,3,5,5,More than 8 hours,1,1,7,5,1,4,5,4,3,1,7,5,2 = More than half the days (অর্ধেকেরও বেশি দিন),2 = More than half the days (অর্ধেকেরও বেশি দিন),1 = Several days (কয়েকদিন),3 = Nearly every day (প্রায় প্রতিদিনই),0 = Not at all (একেবারেই না),2 = More than half the days (অর্ধেকেরও বেশি দিন),2 = More than half the days (অর্ধেকেরও বেশি দিন),0 = Not at all (একেবারেই না),1 = Several days (কয়েকদিন),0 = Not at all (একেবারেই না),2 = More than half the days (অর্ধেকেরও বেশি দিন),2 = More than half the days (অর্ধেকেরও বেশি দিন),0 = Not at all (একেবারেই না),2 = More than half the days (অর্ধেকেরও বেশি দিন),2 = More than half the days (অর্ধেকেরও বেশি দিন),2 = More than half the days (অর্ধেকেরও বেশি দিন),5 = Strongly Agree
9/30/2026 22:52:42,"হ্যাঁ, আমি সম্মতি দিচ্ছি (Yes, I consent)",Female (নারী),23 – 25 years,Private University (বেসরকারি বিশ্ববিদ্যালয়),Engineering / CSE / IT,Below 3.00,Final year / Graduating within 1–2 semesters (শেষ বর্ষে আছি),"৳60,000 – ৳1,00,000",1,Not started yet (এখনো শুরু করিনি),0 – 2,0 – 5 hours,Never (কখনোই না),1 – 2 platforms,0 – 5,Less than 25%,None (০টি),3,4,1,4,5,6 – 8 hours,7,7,7,7,7,7,7,7,7,7,7,7,1 = Several days (কয়েকদিন),1 = Several days (কয়েকদিন),2 = More than half the days (অর্ধেকেরও বেশি দিন),1 = Several days (কয়েকদিন),1 = Several days (কয়েকদিন),3 = Nearly every day (প্রায় প্রতিদিনই),1 = Several days (কয়েকদিন),1 = Several days (কয়েকদিন),1 = Several days (কয়েকদিন),0 = Not at all (একেবারেই না),1 = Several days (কয়েকদিন),1 = Several days (কয়েকদিন),0 = Not at all (একেবারেই না),0 = Not at all (একেবারেই না),1 = Several days (কয়েকদিন),0 = Not at all (একেবারেই না),4 = Somewhat Agree ✅
10/1/2026 7:56:25,"হ্যাঁ, আমি সম্মতি দিচ্ছি (Yes, I consent)",Female (নারী),20 – 22 years,Private University (বেসরকারি বিশ্ববিদ্যালয়),Engineering / CSE / IT,3.80 – 4.00,Final year / Graduating within 1–2 semesters (শেষ বর্ষে আছি),"৳30,000 – ৳60,000",1,3 – 6 months,0 – 2,6 – 10 hours,Rarely (কদাচিৎ),3 – 4 platforms,0 – 5,Less than 25%,1 – 2,5,1,1,1,3,Less than 4 hours,1,2,2,4,4,3,4,3,5,4,6,2,1 = Several days (কয়েকদিন),1 = Several days (কয়েকদিন),3 = Nearly every day (প্রায় প্রতিদিনই),2 = More than half the days (অর্ধেকেরও বেশি দিন),2 = More than half the days (অর্ধেকেরও বেশি দিন),1 = Several days (কয়েকদিন),1 = Several days (কয়েকদিন),1 = Several days (কয়েকদিন),1 = Several days (কয়েকদিন),1 = Several days (কয়েকদিন),1 = Several days (কয়েকদিন),1 = Several days (কয়েকদিন),1 = Several days (কয়েকদিন),1 = Several days (কয়েকদিন),1 = Several days (কয়েকদিন),1 = Several days (কয়েকদিন),4 = Somewhat Agree ✅
10/2/2026 6:09:49,"হ্যাঁ, আমি সম্মতি দিচ্ছি (Yes, I consent)",Male (পুরুষ),23 – 25 years,Private University (বেসরকারি বিশ্ববিদ্যালয়),Engineering / CSE / IT,Below 3.00,Final year / Graduating within 1–2 semesters (শেষ বর্ষে আছি),"৳30,000 – ৳60,000",5,Less than 3 months,6 – 10,6 – 10 hours,Almost Daily (প্রতিদিনই প্রায়),3 – 4 platforms,0 – 5,Less than 25%,3 – 5,4,1,5,5,4,More than 8 hours,1,1,6,6,1,3,1,6,3,1,6,3,1 = Several days (কয়েকদিন),2 = More than half the days (অর্ধেকেরও বেশি দিন),1 = Several days (কয়েকদিন),1 = Several days (কয়েকদিন),1 = Several days (কয়েকদিন),0 = Not at all (একেবারেই না),1 = Several days (কয়েকদিন),1 = Several days (কয়েকদিন),0 = Not at all (একেবারেই না),1 = Several days (কয়েকদিন),1 = Several days (কয়েকদিন),1 = Several days (কয়েকদিন),1 = Several days (কয়েকদিন),1 = Several days (কয়েকদিন),1 = Several days (কয়েকদিন),1 = Several days (কয়েকদিন),5 = Strongly Agree
10/2/2026 12:17:10,"হ্যাঁ, আমি সম্মতি দিচ্ছি (Yes, I consent)",Male (পুরুষ),23 – 25 years,Private University (বেসরকারি বিশ্ববিদ্যালয়),Engineering / CSE / IT,Below 3.00,Final year / Graduating within 1–2 semesters (শেষ বর্ষে আছি),"Below ৳30,000",1,Not started yet (এখনো শুরু করিনি),0 – 2,0 – 5 hours,Never (কখনোই না),1 – 2 platforms,0 – 5,Less than 25%,None (০টি),3,4,3,3,4,More than 8 hours,1,1,7,7,7,6,4,3,2,3,4,5,2 = More than half the days (অর্ধেকেরও বেশি দিন),2 = More than half the days (অর্ধেকেরও বেশি দিন),2 = More than half the days (অর্ধেকেরও বেশি দিন),2 = More than half the days (অর্ধেকেরও বেশি দিন),2 = More than half the days (অর্ধেকেরও বেশি দিন),2 = More than half the days (অর্ধেকেরও বেশি দিন),2 = More than half the days (অর্ধেকেরও বেশি দিন),2 = More than half the days (অর্ধেকেরও বেশি দিন),1 = Several days (কয়েকদিন),2 = More than half the days (অর্ধেকেরও বেশি দিন),2 = More than half the days (অর্ধেকেরও বেশি দিন),2 = More than half the days (অর্ধেকেরও বেশি দিন),2 = More than half the days (অর্ধেকেরও বেশি দিন),1 = Several days (কয়েকদিন),2 = More than half the days (অর্ধেকেরও বেশি দিন),1 = Several days (কয়েকদিন),4 = Somewhat Agree ✅
10/2/2026 12:20:02,"হ্যাঁ, আমি সম্মতি দিচ্ছি (Yes, I consent)",Male (পুরুষ),23 – 25 years,Private University (বেসরকারি বিশ্ববিদ্যালয়),Engineering / CSE / IT,3.00 – 3.49,Final year / Graduating within 1–2 semesters (শেষ বর্ষে আছি),"Below ৳30,000",1,Not started yet (এখনো শুরু করিনি),11 – 20,6 – 10 hours,Rarely (কদাচিৎ),3 – 4 platforms,16 – 30,51% – 75%,3 – 5,4,4,4,4,4,6 – 8 hours,2,2,7,4,3,6,6,7,6,6,6,6,0 = Not at all (একেবারেই না),3 = Nearly every day (প্রায় প্রতিদিনই),1 = Several days (কয়েকদিন),2 = More than half the days (অর্ধেকেরও বেশি দিন),3 = Nearly every day (প্রায় প্রতিদিনই),2 = More than half the days (অর্ধেকেরও বেশি দিন),2 = More than half the days (অর্ধেকেরও বেশি দিন),1 = Several days (কয়েকদিন),1 = Several days (কয়েকদিন),2 = More than half the days (অর্ধেকেরও বেশি দিন),2 = More than half the days (অর্ধেকেরও বেশি দিন),2 = More than half the days (অর্ধেকেরও বেশি দিন),2 = More than half the days (অর্ধেকেরও বেশি দিন),2 = More than half the days (অর্ধেকেরও বেশি দিন),2 = More than half the days (অর্ধেকেরও বেশি দিন),1 = Several days (কয়েকদিন),4 = Somewhat Agree ✅
10/2/2026 12:24:01,"হ্যাঁ, আমি সম্মতি দিচ্ছি (Yes, I consent)",Male (পুরুষ),23 – 25 years,Private University (বেসরকারি বিশ্ববিদ্যালয়),Engineering / CSE / IT,3.80 – 4.00,Graduated 6–12 months ago (৬ থেকে ১২ মাস আগে শেষ হয়েছে),"Below ৳30,000",3,3 – 6 months,0 – 2,6 – 10 hours,Rarely (কদাচিৎ),3 – 4 platforms,6 – 15,25% – 50%,1 – 2,2,3,3,2,3,More than 8 hours,4,4,5,3,3,4,4,5,3,4,5,4,2 = More than half the days (অর্ধেকেরও বেশি দিন),2 = More than half the days (অর্ধেকেরও বেশি দিন),1 = Several days (কয়েকদিন),1 = Several days (কয়েকদিন),1 = Several days (কয়েকদিন),1 = Several days (কয়েকদিন),1 = Several days (কয়েকদিন),2 = More than half the days (অর্ধেকেরও বেশি দিন),1 = Several days (কয়েকদিন),1 = Several days (কয়েকদিন),1 = Several days (কয়েকদিন),2 = More than half the days (অর্ধেকেরও বেশি দিন),1 = Several days (কয়েকদিন),1 = Several days (কয়েকদিন),1 = Several days (কয়েকদিন),1 = Several days (কয়েকদিন),3 = Neutral
10/2/2026 12:37:14,"হ্যাঁ, আমি সম্মতি দিচ্ছি (Yes, I consent)",Male (পুরুষ),26 years or above,Private University (বেসরকারি বিশ্ববিদ্যালয়),Engineering / CSE / IT,3.50 – 3.79,Final year / Graduating within 1–2 semesters (শেষ বর্ষে আছি),"Above ৳1,00,000",4,Not started yet (এখনো শুরু করিনি),0 – 2,0 – 5 hours,Almost Daily (প্রতিদিনই প্রায়),3 – 4 platforms,0 – 5,Less than 25%,None (০টি),5,3,4,3,3,More than 8 hours,7,1,7,7,1,1,1,3,1,1,4,1,1 = Several days (কয়েকদিন),1 = Several days (কয়েকদিন),1 = Several days (কয়েকদিন),0 = Not at all (একেবারেই না),0 = Not at all (একেবারেই না),1 = Several days (কয়েকদিন),1 = Several days (কয়েকদিন),1 = Several days (কয়েকদিন),0 = Not at all (একেবারেই না),0 = Not at all (একেবারেই না),3 = Nearly every day (প্রায় প্রতিদিনই),3 = Nearly every day (প্রায় প্রতিদিনই),3 = Nearly every day (প্রায় প্রতিদিনই),1 = Several days (কয়েকদিন),1 = Several days (কয়েকদিন),0 = Not at all (একেবারেই না),4 = Somewhat Agree ✅
10/2/2026 14:05:39,"হ্যাঁ, আমি সম্মতি দিচ্ছি (Yes, I consent)",Male (পুরুষ),26 years or above,Private University (বেসরকারি বিশ্ববিদ্যালয়),Engineering / CSE / IT,3.00 – 3.49,Graduated within the last 6 months (গত ৬ মাসের মধ্যে শেষ হয়েছে),"৳30,000 – ৳60,000",4,3 – 6 months,3 – 5,0 – 5 hours,Rarely (কদাচিৎ),1 – 2 platforms,0 – 5,25% – 50%,1 – 2,2,2,3,3,3,4 – 6 hours,3,3,3,3,3,3,3,3,3,3,3,3,1 = Several days (কয়েকদিন),2 = More than half the days (অর্ধেকেরও বেশি দিন),2 = More than half the days (অর্ধেকেরও বেশি দিন),2 = More than half the days (অর্ধেকেরও বেশি দিন),1 = Several days (কয়েকদিন),2 = More than half the days (অর্ধেকেরও বেশি দিন),1 = Several days (কয়েকদিন),1 = Several days (কয়েকদিন),2 = More than half the days (অর্ধেকেরও বেশি দিন),1 = Several days (কয়েকদিন),1 = Several days (কয়েকদিন),1 = Several days (কয়েকদিন),1 = Several days (কয়েকদিন),1 = Several days (কয়েকদিন),1 = Several days (কয়েকদিন),1 = Several days (কয়েকদিন),5 = Strongly Agree
10/2/2026 14:18:31,"হ্যাঁ, আমি সম্মতি দিচ্ছি (Yes, I consent)",Male (পুরুষ),23 – 25 years,Private University (বেসরকারি বিশ্ববিদ্যালয়),Engineering / CSE / IT,3.00 – 3.49,Final year / Graduating within 1–2 semesters (শেষ বর্ষে আছি),"৳30,000 – ৳60,000",4,3 – 6 months,0 – 2,0 – 5 hours,Sometimes (মাঝে মাঝে),1 – 2 platforms,0 – 5,51% – 75%,None (০টি),4,5,4,3,5,More than 8 hours,1,1,3,3,1,1,1,2,1,1,3,1,1 = Several days (কয়েকদিন),1 = Several days (কয়েকদিন),1 = Several days (কয়েকদিন),1 = Several days (কয়েকদিন),1 = Several days (কয়েকদিন),1 = Several days (কয়েকদিন),1 = Several days (কয়েকদিন),1 = Several days (কয়েকদিন),1 = Several days (কয়েকদিন),1 = Several days (কয়েকদিন),3 = Nearly every day (প্রায় প্রতিদিনই),3 = Nearly every day (প্রায় প্রতিদিনই),1 = Several days (কয়েকদিন),1 = Several days (কয়েকদিন),1 = Several days (কয়েকদিন),1 = Several days (কয়েকদিন),5 = Strongly Agree
10/2/2026 17:48:28,"হ্যাঁ, আমি সম্মতি দিচ্ছি (Yes, I consent)",Female (নারী),26 years or above,Private University (বেসরকারি বিশ্ববিদ্যালয়),Other,3.00 – 3.49,Graduated 6–12 months ago (৬ থেকে ১২ মাস আগে শেষ হয়েছে),"Below ৳30,000",4,More than 1 year,6 – 10,11 – 20 hours,Almost Daily (প্রতিদিনই প্রায়),3 – 4 platforms,16 – 30,51% – 75%,More than 5,4,5,3,5,3,More than 8 hours,7,5,5,4,5,6,7,5,6,6,7,5,2 = More than half the days (অর্ধেকেরও বেশি দিন),2 = More than half the days (অর্ধেকেরও বেশি দিন),1 = Several days (কয়েকদিন),2 = More than half the days (অর্ধেকেরও বেশি দিন),3 = Nearly every day (প্রায় প্রতিদিনই),2 = More than half the days (অর্ধেকেরও বেশি দিন),2 = More than half the days (অর্ধেকেরও বেশি দিন),2 = More than half the days (অর্ধেকেরও বেশি দিন),3 = Nearly every day (প্রায় প্রতিদিনই),2 = More than half the days (অর্ধেকেরও বেশি দিন),3 = Nearly every day (প্রায় প্রতিদিনই),3 = Nearly every day (প্রায় প্রতিদিনই),2 = More than half the days (অর্ধেকেরও বেশি দিন),1 = Several days (কয়েকদিন),2 = More than half the days (অর্ধেকেরও বেশি দিন),3 = Nearly every day (প্রায় প্রতিদিনই),5 = Strongly Agree
10/3/2026 20:25:20,"হ্যাঁ, আমি সম্মতি দিচ্ছি (Yes, I consent)",Male (পুরুষ),26 years or above,Private University (বেসরকারি বিশ্ববিদ্যালয়),Engineering / CSE / IT,3.00 – 3.49,Graduated 6–12 months ago (৬ থেকে ১২ মাস আগে শেষ হয়েছে),"৳30,000 – ৳60,000",5,Not started yet (এখনো শুরু করিনি),0 – 2,0 – 5 hours,Rarely (কদাচিৎ),3 – 4 platforms,0 – 5,Less than 25%,More than 5,4,1,4,5,4,4 – 6 hours,1,1,4,3,1,1,1,1,1,4,1,1,3 = Nearly every day (প্রায় প্রতিদিনই),3 = Nearly every day (প্রায় প্রতিদিনই),2 = More than half the days (অর্ধেকেরও বেশি দিন),3 = Nearly every day (প্রায় প্রতিদিনই),3 = Nearly every day (প্রায় প্রতিদিনই),1 = Several days (কয়েকদিন),3 = Nearly every day (প্রায় প্রতিদিনই),3 = Nearly every day (প্রায় প্রতিদিনই),3 = Nearly every day (প্রায় প্রতিদিনই),3 = Nearly every day (প্রায় প্রতিদিনই),3 = Nearly every day (প্রায় প্রতিদিনই),3 = Nearly every day (প্রায় প্রতিদিনই),3 = Nearly every day (প্রায় প্রতিদিনই),3 = Nearly every day (প্রায় প্রতিদিনই),3 = Nearly every day (প্রায় প্রতিদিনই),3 = Nearly every day (প্রায় প্রতিদিনই),5 = Strongly Agree